title,price
Modway Empress Upholstered Sofa,"$1,014.99"
Belham Living Millport Sofa,$899.99
Rosevera Cassandra Tufted Loveseat,$357.69
Lifestyle Solutions Lawrence Loveseat,$363.04
Belham Living Carter Sofa,$469.00
Belham Living Millport Loveseat,$899.99
Belham Living Hayden Hill Sofa,$799.99
MoDRN Mid-Century Pullman Sofa,$549.00
MoDRN Industrial Atoll Metal Base 87 in. Sofa,$549.00
Belham Living Barron Sofa,"$1,599.99"
MoDRN Neo Luxury Marcel Sofa,$749.00
Zuo Modern Providence Faux Leather Sofa,"$1,984.70"
Live-It Cozy Loveseat by South Shore,$720.99
Right2Home Sofa,$803.49
Modway Serve 3 Piece Living Room Sofa Set,"$2,304.99"
South Cone Parisien Tufted Linen Sofa,"$1,899.99"
MoDRN Scandinavian Henrik 83 in. Sofa,$499.00
Fabric Track Arm 86 in. Sofa by Drew Barrymore Flower Home,$899.00
MoDRN Scandinavian Henrik 59 in. Armless Loveseat,$449.00
Channel Tufted Sloping Back Loveseat by Drew Barrymore Flower Home,$728.95
MoDRN Mid-Century Pullman Apartment Sofa,$449.00
Belham Living Hayden Hill Loveseat,$479.99
MoDRN Scandinavian Henrik 74 in. Apartment Sofa,$549.00
Baxton Studio Venza Walnut Wood Light Brown Fabric Upholstered 3 Seater Sofa,$546.96
Elle Decor Bella Sofa,$534.40
Calliope Button Tufted Reclining Loveseat,$427.97
Lifestyle Solutions Hailey Sofa,$495.45
Lifestyle Solutions Harvard Sofa,$362.05
Serta Alyssa Dream Convertible Sofa,"$1,117.66"
Weston Home Yorkshire Loveseat,$377.66
Lifestyle Solutions Fallon Loveseat - Gray,$297.96
Abbyson Grand Chesterfield Brown Top Grain Leather Sofa Set,"$3,322.71"
Modway Activate Upholstered Fabric Sofa,$668.00
Furniture of America Tobais Sofa,"$1,964.99"
Best Selling Home Jalon Mid-Century Sofa,$401.00
Milton Greens Stars Gavin Air 3 Piece Set,"$1,801.72"
Serta Palisades Collection 78 in. Sofa,$532.46
Signature Sleep Gray Casey Sleeper Sofa - Twin,$544.60
Gold Sparrow Kent Loveseat,$257.16
Lifestyle Solutions Harvard Loveseat,$219.00
Christies Home Living Tracey 2 Piece Reclining Loveseat with Queen Sofa Bed,"$2,360.73"
Modway Loft Tufted Faux Leather Sofa,"$1,151.99"
Brandon Fabric Mid-Century Modern Loveseat,$312.49
Modway Revive Upholstered Fabric Sofa,$461.75
Lifestyle Solutions Lawrence Sofa,$474.54
Zinus Sayan Traditional Gray Weave Loveseat,$285.00
Cambridge Telluride Leather Double Reclining Loveseat,"$1,810.69"
Modway Empress Upholstered Sofa,"$1,014.99"
Belham Living Millport Sofa,$899.99
Rosevera Cassandra Tufted Loveseat,$357.69
Lifestyle Solutions Lawrence Loveseat,$363.04
Belham Living Carter Sofa,$469.00
Belham Living Millport Loveseat,$899.99
Belham Living Hayden Hill Sofa,$799.99
MoDRN Mid-Century Pullman Sofa,$549.00
MoDRN Industrial Atoll Metal Base 87 in. Sofa,$549.00
Belham Living Barron Sofa,"$1,599.99"
MoDRN Neo Luxury Marcel Sofa,$749.00
Zuo Modern Providence Faux Leather Sofa,"$1,984.70"
Live-It Cozy Loveseat by South Shore,$720.99
Right2Home Sofa,$803.49
Modway Serve 3 Piece Living Room Sofa Set,"$2,304.99"
South Cone Parisien Tufted Linen Sofa,"$1,899.99"
MoDRN Scandinavian Henrik 83 in. Sofa,$499.00
Fabric Track Arm 86 in. Sofa by Drew Barrymore Flower Home,$899.00
MoDRN Scandinavian Henrik 59 in. Armless Loveseat,$449.00
Channel Tufted Sloping Back Loveseat by Drew Barrymore Flower Home,$728.95
MoDRN Mid-Century Pullman Apartment Sofa,$449.00
Belham Living Hayden Hill Loveseat,$479.99
MoDRN Scandinavian Henrik 74 in. Apartment Sofa,$549.00
Baxton Studio Venza Walnut Wood Light Brown Fabric Upholstered 3 Seater Sofa,$546.96
Elle Decor Bella Sofa,$534.40
Calliope Button Tufted Reclining Loveseat,$427.97
Lifestyle Solutions Hailey Sofa,$495.45
Lifestyle Solutions Harvard Sofa,$362.05
Serta Alyssa Dream Convertible Sofa,"$1,117.66"
Weston Home Yorkshire Loveseat,$377.66
Lifestyle Solutions Fallon Loveseat - Gray,$297.96
Abbyson Grand Chesterfield Brown Top Grain Leather Sofa Set,"$3,322.71"
Modway Activate Upholstered Fabric Sofa,$668.00
Furniture of America Tobais Sofa,"$1,964.99"
Best Selling Home Jalon Mid-Century Sofa,$401.00
Milton Greens Stars Gavin Air 3 Piece Set,"$1,801.72"
Serta Palisades Collection 78 in. Sofa,$532.46
Signature Sleep Gray Casey Sleeper Sofa - Twin,$544.60
Gold Sparrow Kent Loveseat,$257.16
Lifestyle Solutions Harvard Loveseat,$219.00
Christies Home Living Tracey 2 Piece Reclining Loveseat with Queen Sofa Bed,"$2,360.73"
Modway Loft Tufted Faux Leather Sofa,"$1,151.99"
Modway Revive Upholstered Fabric Sofa,$461.75
Brandon Fabric Mid-Century Modern Loveseat,$312.49
Lifestyle Solutions Lawrence Sofa,$474.54
Zinus Sayan Traditional Gray Weave Loveseat,$285.00
Cambridge Telluride Leather Double Reclining Loveseat,"$1,810.69"
Modway Loft Tufted Faux Leather Loveseat,$962.99
Serta Palisades Collection 61 in. Loveseat,$422.90
Serta Deep Seating Palisades Chenille Sofa,$499.63
Lifestyle Solutions Harvard Sofa with Curved Arm,$431.68
Elle Decor Mid-Century Modern Chloe Sofa,$548.70
Serta Artesia Sofa,$559.99
Flash Furniture Harmony Series Loveseat with Two Built-In Recliners,$499.95
Serta Palisades Collection 73 in. Sofa,$497.81
Beige Boucle Fabric Chaise Sofa by Sprinkle & Bloom,"$3,250.00"
Outdoor Leisure Products Sierra Lodge Loveseat,"$1,277.31"
NH Designs 72004 Gray Bonded Leather Sofa Recliner & Loveseat Set,"$1,877.99"
Simmons Upholstery Pacific Sofa,"$1,189.00"
Benzara Lynne Chenille Loveseat,$727.99
Modway Engage Upholstered Sofa,"$1,079.99"
Benzara Listowel Comfy Loveseat,$975.14
TOV Furniture Adina Grey Velvet Loveseat with Gold Legs,$529.99
EdgeMod Baley Upholstered Sofa,"$1,245.99"
HumbleNest Countryside Split Back Linen Upholstered Sofa,$858.25
Signature Design by Ashley Boxberg Reclining Power Sofa,"$1,080.99"
Acme Furniture Platinum II Linen Loveseat,$278.76
Lifestyle Solutions Harvard Loveseat with Curved Arm,$341.43
Meridian Furniture Inc Lucas Velvet Sofa,"$1,416.31"
Emerald Home Binetti 4 Piece Sofa Set,"$2,197.88"
Hooker Furniture Emerson Upholstered Power Recliner Sofa with Power Headrest and Nailhead Trim,"$2,736.00"
Outdoor Leisure Products Buckskin 4 Piece Sofa Set,"$3,713.99"
Better Homes & Gardens Porter Sleeper Sofa,$452.61
Meridian Furniture Inc Naomi Upholstered Sofa,$860.53
Modway Prospect Channel Tufted Upholstered Velvet Loveseat,$381.25
Furniture of America Pryer 2 Piece Sofa Set,"$4,251.28"
Lifestyle Solutions Fallon Sofa - Charcoal,$364.99
Emerald Home Hutton II Loveseat,$848.00
Serta Deep Seating Copenhagen Fabric Sofa,$508.72
Meridian Furniture Inc Naomi Upholstered Loveseat,$729.39
Zinus Jackie Classic Upholstered 53.5 in. Loveseat,$353.32
Abbyson Living Western Leather Reclining Loveseat/Sofa,"$2,626.28"
Zinus Lucy Mustard Yellow Armless Loveseat,$319.00
Abbyson Ryan Fabric Sofa and Ottoman Set,$599.99
Furniture of America Preslly Contemporary Style Leatherette Sofa,"$1,206.99"
Modway Beguile 3 Piece Loveseat Set,"$1,942.99"
Armen Living Elegance Tufted Loveseat,"$1,171.94"
Weston Home Gunther Linen Fabric Loveseat,$934.00
Furniture of America Andrie T-Cushion Loveseat,"$2,034.80"
Inspired Home Ronald Loveseat,"$1,295.99"
Sunset Trading Americana Slipcovered Sofa,"$1,513.55"
Picket House Furnishings Gramercy Sofa,"$1,239.58"
Inspired Home Elaine Velvet Tufted Sofa,"$1,406.78"
Live-It Cozy 2.5 Seat Sofa by South Shore,$784.90
Aeon Furniture Casey Sofa,"$1,121.99"
Modway Remark 3 Piece Living Room Set,"$1,498.99"
LeisureMod Lorane Sofa,"$1,623.94"
Modway Beguile 3 Piece Sofa Set,"$2,028.99"
Armen Living Elegance Tufted Loveseat,"$1,171.94"
Weston Home Gunther Linen Fabric Loveseat,$934.00
Furniture of America Andrie T-Cushion Loveseat,"$2,034.80"
Steve Silver Co. Natalia Power Recliner Sofa,"$1,930.00"
Furniture of America Simar 2 Piece Sloped Sofa Set,"$3,954.73"
Furniture of America Arundel Sloped Arm Loveseat,"$2,049.00"
HomeFare Connington Ivory Stationary Chesterfield Sofa,$754.99
Furniture of America Langston Contemporary Chenille Nailhead Sofa,"$3,535.69"
Armen Living Element Sofa,"$1,164.25"
Sunset Trading Heaven On Earth Reclining Sofa - Tan,"$1,019.99"
Armen Living Zanna Genuine Leather Loveseat,"$2,445.18"
Weston Home Monterey Microfiber Loveseat,$525.28
Boss BR99002-BK Caressoftplus Loveseat with Polished Steel Frame - Black,$915.99
Boss BR99803-BY Classic Traditional Button Tufted Sofa - Oxblood,$856.72
Furniture of America Dean Sofa,"$1,110.99"
Steve Silver Co. Park Avenue Power Reclining Sofa,"$1,596.00"
Picket House Furnishings Gramercy Sofa,"$1,239.58"
Aeon Furniture Casey Sofa,"$1,121.99"
Aeon Furniture Bloomfiled Modern Sofa with Bolster Pillows,"$1,370.99"
Armen Living Elegance Tufted Sofa,"$1,493.72"
Aeon Furniture Lacey Sofa,$805.74
Steve Silver Co. Park Avenue Upholstered Power Reclining Loveseat with Console,"$1,596.00"
Serta Geneva 84 in. Upholstered Sofa,$896.49
Armen Living Everly Genuine Leather Loveseat,"$1,853.72"
Acme Furniture Hellebore Sofa,"$1,404.22"
Acme Furniture Porchester Sofa,"$4,025.06"
Signature Sleep Devon Sleeper Sofa with Memory Foam Mattress,$912.61
Weston Home Bronston Aniline Leather Sofa,"$2,680.00"
Inspired Home Ronald Loveseat,"$1,295.99"
Sunset Trading Americana Slipcovered Sofa,"$1,513.55"
Live-It Cozy 2.5 Seat Sofa by South Shore,$784.90
Sunset Trading Aspen Loveseat,"$1,416.00"
Furniture of America Shea 2 Piece Sofa Set,"$3,739.95"
Furniture of America Newfoundland Loveseat,"$2,039.35"
Furniture of America Preston Tufted Loveseat,"$2,191.31"
Furniture of America Glynndale Stain Resistant Loveseat,"$2,174.99"
Furniture of America Barrington Brown Chenille Nailhead Sofa,"$1,909.45"
Armen Living Palisade Transitional Sofa,"$1,479.10"
Furniture.Agency Merino Contemporary Sofa,"$1,944.86"
Flash Furniture Washington Park 3 Piece Fabric Upholstered Sofa Set,"$1,004.58"
Furniture of America Charles of London Sofa,"$2,984.32"
Armen Living Phantom Sofa,"$1,096.10"
Acme Furniture Northville Loveseat with 4 Pillows,"$2,842.52"
Steve Silver Co. Aria Power Recliner Console Loveseat,"$1,380.00"
Chic Home Parker White Velvet Sofa,"$1,687.63"
HumbleNest Farmers Market Tufted Linen Loveseat with Nailhead Trim,"$1,314.27"
Chic Teak Handwoven Kuta Loveseat,"$1,832.66"
Outdoor Leisure Products Deer Valley Loveseat,"$1,266.18"
Outdoor Leisure Products Alpine Lodge Sofa,"$1,446.22"
Steve Silver Co. Fortuna Power Recliner Console Loveseat,"$2,006.00"
Home Chic Jalen Contemporary Sofa,"$1,418.70"
Furniture of America Dean Sofa,"$1,110.99"
Aeon Furniture Mindy Sofa,"$1,153.00"
Sunset Trading Aspen Loveseat,"$1,416.00"
Weston Home Kaitlin Sofa,$774.90
Boss BR99003-BK Caressoftplus Sofa with Polished Steel Frame - Black,"$1,164.33"
Armen Living Regis Fabric Loveseat,"$1,543.55"
Armen Living Andre Fabric Sofa,"$1,570.76"
Picket House Furnishings Hailey Sofa,$914.37
Picket House Furnishings Fallon Loveseat,"$1,147.13"
Furniture of America Langston Contemporary Chenille Loveseat,"$2,721.47"
Sunset Trading Heaven On Earth Reclining Sofa - Tan,"$1,019.99"
Edloe Finch Furniture Co Laurel Velvet Sofa,$998.00
Furniture of America Michael Contemporary Leather Recliner Sofa,"$3,560.99"
Home Chic Lucca Mid-Century Sofa,"$1,200.00"
Armen Living Gary Power Reclining Loveseat with USB Port,"$2,542.40"
LeisureMod Florence Style Fabric Loveseat,"$1,383.80"
Milton Greens Stars Callie Air 3 Piece Set,"$1,801.72"
Outdoor Leisure Products Sierra Lodge Sofa,"$1,446.22"
Outdoor Leisure Products Wild Horses 4 Piece Sofa Set,"$3,713.99"
Emerald Home Marquis Loveseat,"$1,096.00"
Flash Furniture Bari 3 Piece Upholstered Sofa Set,"$1,078.46"
Aeon Furniture Dandy Sofa,"$1,246.99"
Furniture of America Shea 2 Piece Sofa Set,"$3,739.95"
Furniture of America Greta Tufted Sofa,"$2,934.10"
Furniture of America Moorehead Nailhead Sofa,"$1,999.73"
Furniture of America Newfoundland Loveseat,"$2,039.35"
Furniture of America Preston Tufted Loveseat,"$2,191.31"
Furniture of America Glynndale Stain Resistant Loveseat,"$2,174.99"
Furniture of America Barrington Brown Chenille Nailhead Sofa,"$1,909.45"
Armen Living Palisade Transitional Sofa,"$1,479.10"
Furniture.Agency Merino Contemporary Sofa,"$1,944.86"
C2A Morven Tufted Chesterfield Velvet Sofa,"$1,144.89"
Modway Empress Sofa and Loveseat Set,"$1,932.99"
Outdoor Leisure Products Sedona 4 Piece Sofa Set,"$3,788.61"
Acme Furniture Iberis Sofa,"$1,411.21"
Furniture of America Luddington 2 Piece Sofa Set,"$4,055.25"
Armen Living Bynes Power Reclining Sofa with USB Port,"$3,084.43"
Weston Home Bronston Aniline Leather Loveseat,"$1,886.00"
Outdoor Leisure Products Deer Valley Sofa,"$1,446.22"
Outdoor Leisure Products Sedona Sofa,"$1,468.61"
Emerald Home Marcella 86.4 Sofa,"$1,139.00"
Furniture of America Kristoffer LED Power Recliner Sofa,"$3,264.03"
LeisureMod Lorane Sofa,"$1,623.94"
Modway Prompt Upholstered Fabric Sofa,$820.00
Chic Home Ella Sofa,"$1,312.59"
LeisureMod Lorane Loveseat,"$1,340.74"
Inspired Home Ronald Sofa,"$1,715.99"
Chic Home Warhol Sofa,"$1,497.28"
Sunset Trading Americana Slipcovered Loveseat,"$1,395.32"
Modway Beguile 3 Piece Sofa Set,"$2,028.99"
HomeFare Patrina Pewter Stationary Upholstered Sofa,$709.99
HomeFare Connington Ivory Stationary Chesterfield Loveseat,$689.99
Boss BR99003-BK Caressoftplus Sofa with Polished Steel Frame - Black,"$1,164.33"
Armen Living Regis Fabric Loveseat,"$1,543.55"
Armen Living Andre Fabric Sofa,"$1,570.76"
Weston Home Bowman Faux Leather Loveseat,"$1,254.36"
HumbleNest Farmers Market Tufted Linen Sofa with Nailhead Trim,"$1,581.13"
Furniture of America Arundel Sloped Arm Sofa,"$2,557.40"
HomeFare Connington Ivory Stationary Chesterfield Sofa,$754.99
Weston Home Kaitlin Sofa,$774.90
Acme Furniture Sheridan Sofa with 7 Pillows,"$2,577.14"
Acme Furniture Saira Loveseat,"$1,636.21"
Acme Furniture Northville Loveseat with 4 Pillows,"$2,842.52"
Steve Silver Co. Aria Power Recliner Console Loveseat,"$1,380.00"
HomeFare Patrina Pewter Stationary Upholstered Loveseat,$662.99
Sunset Trading Aspen Loveseat,"$1,416.00"
Chelsea Lane Upholstered Tufted Sofa - Dark Gray,$875.42
Sunset Trading Heaven On Earth 3 Piece Reclining Living Room Set - Tan,"$2,390.67"
Outdoor Leisure Products Camouflage Sleeper Sofa,"$1,549.69"
Acme Furniture Helenium Loveseat,"$1,184.25"
Acme Furniture Kaffir Loveseat,"$1,687.16"
American Furniture Classics Model B3103-ERSS Elk River Storm Sofa,"$1,469.00"
Acme Furniture Winchester Loveseat,"$2,358.64"
Acme Furniture Picardy II Sofa with 7 Pillows,"$3,723.61"
Acme Furniture Burgess Vintage Leather Loveseat,"$3,169.79"
Home Styles Moderno Contemporary Sofa with Chaise,"$1,948.50"
Home Styles Nuovo Power Motion Reclining Sofa,"$2,023.50"
Acme Furniture Gorsedd Loveseat With 4 Pillows,"$2,718.81"
Furniture of America Astana Tufted Loveseat,$971.95
Furniture of America Austin Nailhead Sofa,"$2,780.98"
Furniture of America Goldsmith T-Cushion Loveseat,"$1,903.97"
Furniture of America Kristen T-Cushion Loveseat,"$1,938.70"
Furniture of America McCreery Nailhead Loveseat,"$2,326.82"
Chic Home Parker White Velvet Sofa,"$1,687.63"
Flash Furniture Washington Park 3 Piece Fabric Upholstered Sofa Set,"$1,004.58"
Furniture of America Charles of London Sofa,"$2,984.32"
Modway Idyll Tufted Leather Chesterfield Loveseat,"$1,512.99"
Sunset Trading Emerald Dual Reclining Loveseat with Power Headrest and USB Port,"$1,894.96"
Oakland Living Rounded Modern Sofa Set,"$5,735.37"
Furniture of America Adler Chenille Sofa,"$1,791.10"
Outdoor Leisure Products Alpine Lodge Loveseat,"$1,266.18"
Acme Furniture Gaura Sofa,"$1,883.39"
Furniture of America Calabasas Nailhead Loveseat,"$1,990.28"
Furniture of America Kristen T-Cushion Sofa,"$2,207.28"
Furniture of America McCreery Nailhead Sofa,"$2,918.67"
Capsule Home Cameron Weave Sofa,"$1,299.00"
Armen Living Phantom Sofa,"$1,096.10"
Furniture of America Robertson Traditional Tan Loveseat,"$2,728.65"
Furniture of America Kristoffer LED Bluetooth Power Recliner Loveseat,"$3,546.60"
Sunset Trading Teddy Bear 3-Piece Reclining Living Room Set,"$2,342.83"
Chic Teak Rome Water Hyacinth Sofa,"$1,759.99"
Outdoor Leisure Products Buckskin 3 Piece Sofa Set,"$1,916.83"
Armen Living Regis Fabric Sofa,"$1,940.46"
Chic Teak Rome Water Hyacinth Loveseat,"$1,239.99"
Capsule Home Angle Arm Weave Sofa,"$1,399.00"
Emerald Home Marcella 86.4 Sofa,"$1,139.00"
Home Styles Moderno Contemporary Loveseat,"$1,348.50"
Home Styles Nuovo Power Motion Reclining Loveseat with Console,"$2,023.50"
Home Styles Lux Power Motion Reclining Loveseat,"$1,648.50"
Weston Home Konin Oatmeal Tapered Leg Sofa with Pillows,$936.00
Acme Furniture Porchester Loveseat,"$3,206.64"
Acme Furniture Fiacre Velvet Loveseat,$834.70
Furniture of America Cato Contemporary Loveseat,"$1,763.48"
Furniture of America Contemporary Redford Nailhead Loveseat,$865.99
Sunset Trading Glorious Dual Reclining Loveseat,"$1,013.78"
Furniture of America Newfoundland Sofa,"$2,278.05"
Furniture of America Preston Tufted Sofa,"$2,626.85"
Acme Furniture Hellebore Sofa,"$1,404.22"
Home Styles Nuovo Power Motion Reclining Loveseat,"$1,648.50"
Furniture of America Kristoffer LED Power Recliner Sofa,"$3,264.03"
Furniture of America Jackson Contemporary Brown Recliner Sofa,"$1,717.49"
Furniture of America Charles of London Loveseat,"$2,681.95"
Furniture of America Robertson Traditional Light Brown Loveseat,"$3,185.31"
Acme Furniture Burgess Vintage Leather Sofa,"$4,447.39"
Acme Furniture Gorsedd Sofa With 5 Pillows,"$3,290.10"
Acme Furniture Saira Sofa,"$1,986.60"
Furniture of America Contemporary Redford Nailhead Sofa,$827.63
Furniture of America Nicholas Contemporary Light Gray Chenille Loveseat,"$2,892.69"
Acme Furniture Dixie Sofa,"$1,607.57"
Furniture of America Kadin Transitional Loveseat,"$3,052.06"
Furniture of America Selena Contemporary Gray Tuxedo Loveseat,"$3,753.99"
3R Studios Velvet Upholstered Sofa with Wood Legs,"$1,995.00"
Sunset Trading Aspen Sofa,"$1,081.54"
Sunset Trading Milan Leather Sofa,"$4,719.40"
Sunset Trading Milan Leather Loveseat,"$4,521.61"
Sunset Trading Aspen 3-Piece Sofa Set,"$3,232.52"
Furniture of America Robertson Traditional Burgundy Sofa,"$3,452.27"
Armen Living Andre Sofa,"$1,685.69"
Furniture of America Akers 2 Piece Damask Sofa Set,"$4,176.24"
Furniture of America Jewell 2 Piece Sofa Set,"$3,557.48"
Furniture of America Calla 2 Piece Sofa Set,"$2,224.15"
Furniture of America Katie 2 Piece Sofa Set,"$4,827.48"
Furniture of America Calabasas Nailhead Sofa,"$2,236.65"
Furniture of America Greta Tufted Loveseat,"$2,365.40"
Furniture of America Lizzie Nailhead Loveseat,"$1,727.90"
Furniture of America Moorehead Nailhead Loveseat,"$1,789.82"
Furniture of America Reynolds Faux Linen Loveseat,"$1,583.61"
Furniture of America Zoe Flared Arm Sofa,"$1,364.55"
Acme Furniture Brancaster Sofa,"$4,078.73"
Furniture.Agency Leone Contemporary Sofa,"$1,940.99"
Outdoor Leisure Products Alpine Lodge 4 Piece Sofa Set,"$3,713.99"
American Furniture Classics Model B3102-ERSL Elk River Storm Loveseat,"$1,281.10"
Acme Furniture Sheridan Loveseat with 5 Pillows,"$2,144.51"
Home Styles Lux Power Motion Reclining Sofa,"$2,023.50"
Home Chic Jalen Contemporary Loveseat,"$1,100.19"
Acme Furniture Picardy II Loveseat with 4 Pillows,"$2,817.13"
Elle Decor Olivia Sofa,"$1,003.37"
Signature Design by Ashley Bristan Loveseat,"$1,403.99"
Furniture of America Robertson Traditional Light Brown Sofa,"$3,767.99"
Furniture of America Kadin Transitional Sofa,"$3,266.49"
Furniture of America Nicholas Contemporary Light Gray Chenille Sofa,"$2,629.46"
Furniture of America Calla Contemporary Blue Linen Sofa,"$1,691.88"
Furniture of America Michael Contemporary Leather Power Recliner Loveseat,"$2,960.27"
Sunset Trading Teddy Bear Reclining Sofa,"$1,124.24"
Furniture of America Barrington Brown Chenille Nailhead Loveseat,"$1,524.49"
Furniture of America Durante Button Tufted Nailhead Sofa,"$1,404.99"
Outdoor Leisure Products Wild Horses Loveseat,"$1,266.18"
Steve Silver Co. Laurel Upholstered Power Reclining Sofa,"$1,808.00"
Steve Silver Co. Fortuna Power Recliner Sofa,"$2,006.00"
Armen Living Everly Genuine Leather Sofa,"$1,928.67"
3R Studios Sunflower Upholstered Loveseat with Nailhead Trim and Wood Legs,"$1,417.50"
Furniture of America Morgan T-Cushion Loveseat,"$1,953.28"
Furniture of America Armund Modern Grey Linen Sofa,"$1,240.99"
Furniture of America Reyna Button Tufted Chesterfield Loveseat,"$4,144.99"
Outdoor Leisure Products Palomino Sleeper Sofa,"$1,492.70"
Furniture of America Camarillo Loveseat,"$1,460.33"
Furniture of America Durante Button Tufted Nailhead Loveseat,"$1,194.63"
Outdoor Leisure Products Wild Horses Sofa,"$1,455.49"
Outdoor Leisure Products Sedona Loveseat,"$1,353.49"
Sunset Trading Luxe Leather Reclining Loveseat with Power Headrest and Console,"$2,369.40"
Furniture of America Currington Sloped Arm Sofa,"$2,107.25"
Furniture of America Morgan T-Cushion Sofa,"$2,255.43"
Furniture of America Currington Sloped Arm Loveseat,"$1,909.42"
Furniture of America Coloma Sofa,"$1,759.48"
Furniture of America Tobias 2 Piece Sofa Set,"$3,682.99"
Furniture of America Breckenridge Loveseat,"$1,870.99"
Signature Design by Ashley Bristan Loveseat,"$1,403.99"
Steve Silver Co. Laurel Upholstered Power Reclining Sofa,"$1,808.00"
Steve Silver Co. Fortuna Power Recliner Sofa,"$2,006.00"
Furniture of America Torrey Sofa,"$1,542.99"
Furniture of America Reynolds Light Gray Faux Linen Nailhead Sofa,"$1,685.77"
Furniture of America Reyna Button Tufted Chesterfield Sofa,"$3,647.47"
Serta Deep Seating Palisades Fabric Sofa,$500.39
Flash Furniture Milton Park Leather Pillow Back Sofa,$422.09
Modway Bestow 3 Piece Fabric Sofa Set,"$2,005.99"
TOV Furniture Eva Velvet Sofa,"$1,272.99"
Modway Loft Loveseat,$961.99
Elle Decor Simone Double Track Arm Sofa,$578.64
Modway Loft Sofa,"$1,095.99"
Modway Concur Button Tufted Upholstered Velvet Sofa,$969.99
Modway Sheer Upholstered Fabric Loveseat,$617.25
Serta Nina Sofa,$621.61
Modway Chance Upholstered Fabric Sofa,"$1,193.99"
Modway Entertain Vertical Channel Tufted Performance Velvet Sofa,"$1,143.99"
Serta Deep Seating Astoria Loveseat,$451.61
Elle Decor Remi Velvet Sofa,$570.03
Serta Copenhagen Collection 78 in. Sofa,$520.28
Elle Decor Mid-Century Modern Natalie Loveseat,$499.24
Emerald Home Binetti Loveseat,$631.72
Modway Enthusiastic Vertical Channel Tufted Curved Performance Velvet Sofa,"$1,419.99"
Gold Sparrow Lexington Loveseat,$756.03
Steve Silver Co. Empire Recliner Console Loveseat,$722.00
Modway Vivacious Biscuit Tufted Performance Velvet Sofa,"$1,154.99"
Modway Harness 64 in. Leather Loveseat,"$1,331.99"
Modway Remark 2 Piece Living Room Set,"$1,350.99"
Magari Furniture Mid-Century Upholstered Indoor Tufted Sofa,$630.00
Modway Sanguine Vertical Channel Tufted Performance Velvet Sofa,"$1,105.99"
Modway Sublime Vertical Curve Back Performance Velvet Sofa,$996.99
Flash Furniture Milton Park Leather Pillow Back Loveseat,$398.99
Serta Mason 81 in. Sofa,$654.93
Magari Furniture Upholstered Indoor Sofa with Ottoman,$785.94
Serta Hemsley 81 in. Sofa,$654.93
HumbleNest Countryside Split Back Linen Upholstered Loveseat,$669.70
Emerald Home Focus Loveseat,$716.30
OFM Essentials Traditional Reception Sofa,$814.76
Home Chic Trento Mid-Century Loveseat,$675.99
American Furniture Classics Model B8503 Elk River Lodge Sofa,"$1,239.64"
Modway Resolute Curved Performance Velvet Sofa,"$1,401.99"
LumiSource Telluride Cabriole Sofa,$615.16
Modway Agile Upholstered Fabric Sofa,"$1,021.99"
Serta Sierra Sofa,$548.96
Elle Decor Mid-Century Modern Amelie Sofa,$536.91
Emerald Home Hutton II Tufted Loveseat,$887.99
Furniture of America Calla Contemporary Blue Linen Loveseat,$978.80
Acme Furniture Freesia Loveseat,$489.96
American Furniture Classics Model B6103-EPSS Eden Platinum Stripe Sofa,"$1,239.64"
Lifestyle Solutions Toledo Sofa,$465.75
Acme Furniture Cuinn Velvet Loveseat,$778.80
Brooklyn + Max Thomas Tufted Sofa,$924.99
Brooklyn + Max Zack Sofa,"$1,037.99"
Studio Designs Lintel Modern Leather Loveseat,$610.43
Right2Home Mid-Century Button Tufted Sofa,$549.93
Emerald Home Carter Loveseat,$722.00
Brooklyn + Max Danielle Sofa,"$1,018.99"
Furniture of America Westfield Breathable Leatherette Loveseat Recliner,"$1,021.39"
Emerald Home Marcella Loveseat,$941.88
Furniture of America Neptune Channel Tufting Loveseat,"$1,101.41"
Emerald Home Interlude Loveseat with 2 Pillows,$959.00
Modway Prospect Two-Seater Loveseat,$388.25
Gold Sparrow Manhattan Sofa,$909.06
Flash Furniture Bari Upholstered Sofa and Ottoman Set,$583.66
OFM Essentials Traditional Reception Loveseat,$564.79
Armen Living Rhianna Transitional Loveseat,$740.94
Signature Design by Ashley Alenya Queen Sofa Sleeper,$919.99
Magari Furniture Mid-Century Upholstered Indoor Sofa,$770.58
Elle Decor Porter Track Arm Sofa,$627.43
Flash Furniture Asti Upholstered Sofa and Ottoman Set,$590.93
Modway Engage Wood Loveseat,$979.99
A C Pacific Robin Sofa Chaise with 2 Storage Compartments,$999.99
Emerald Home Remix Sofa,$751.16
Modway Valiant Vertical Channel Tufted Performance Velvet Loveseat,$969.99
Modway Adept Upholstered Velvet Sofa,"$1,220.99"
Brooklyn + Max Thomas Tufted Faux Leather Sofa,$972.23
Emerald Home Mt Retreat Loveseat with 4 Pillows,$903.03
Brooklyn + Max Zack Loveseat,$896.99
Brooklyn + Max Victor Sofa,$955.99
Weston Home Ashton Mission Olive Sofa,$484.34
Tommy Hilfiger Elyse Low Profile 85 in. Sofa,$775.70
Emerald Home Carter Sofa,$798.48
American Furniture Classics Model B8502 Elk River Lodge Loveseat,"$1,093.31"
Flash Furniture Candler Park Upholstered Sofa,$429.00
Modway Empress Leather Sofa,"$1,075.99"
Milton Greens Stars Gavin Air Sofa,$856.48
Edloe Finch Furniture Co Lexington Mid-Century Modern Velvet Sofa,$959.00
Picket House Furnishings Hailey Loveseat,$756.52
Emerald Home Remix Loveseat,$679.00
Emerald Home Marion Loveseat,$849.99
Chic Teak Soldano Water Hyacinth Loveseat,"$1,101.10"
Emerald Home Urban Sofa with Pillows,$831.92
Lifestyle Solutions Hartford Loveseat,$392.85
Sunset Trading Heaven On Earth Reclining Loveseat - Tan,$796.32
Emerald Home Marquis Faux Leather Sofa - Gray,$873.88
Chic Teak Soldano Water Hyacinth Loveseat,"$1,101.10"
American Furniture Classics Model B6102-EFSL Eden Platinum Stripe Loveseat,"$1,093.31"
Studio Designs Lintel Modern Leather Loveseat,$610.43
Furniture of America Neptune Channel Tufting Loveseat,"$1,101.41"
Right2Home Mid-Century Button Tufted Sofa,$549.93
Emerald Home Carter Loveseat,$722.00
Emerald Home Interlude Loveseat with 2 Pillows,$959.00
Brooklyn + Max Danielle Sofa,"$1,018.99"
Furniture of America Westfield Breathable Leatherette Loveseat Recliner,"$1,021.39"
Emerald Home Marcella Loveseat,$941.88
Furniture of America Reynolds Light Gray Faux Linen Nailhead Loveseat,"$1,411.28"
Signature Design by Ashley Accrington Sofa,$730.99
Serta Carmina Sofa,$620.43
Dwell Home Sofa 2 Go Decker Loveseat,$453.31
Lifestyle Solutions Catania Upholstered Loveseat,$500.79
Elle Decor Mid-Century Modern Chloe Loveseat,$500.18
Modway Prospect Upholstered Vinyl Loveseat,$357.50
Zinus Ricardo Contemporary Upholstered 78.4 in. Sofa,$453.85
Modway Revive Upholstered Fabric Loveseat,$413.00
Serta Colton 85 in. Sofa with Slipcover,$541.33
Gold Sparrow Detroit Fabric Sofa,$552.36
Modway Heritage Upholstered Velvet Sofa,"$1,291.99"
Zinus Jackie Classic Upholstered 71 in. Sofa,$441.54
Milton Greens Stars Callie Air Loveseat,$681.53
Flash Furniture Asti Upholstered Sofa,$429.91
Flash Furniture Candler Park Upholstered Loveseat,$367.79
Acme Furniture Cleavon II Linen Loveseat with 2 Pillows,$366.69
Lifestyle Solutions Caleigh Loveseat,$379.25
Zinus Benton Mid-Century Stone Gray Weave Upholstered 76 in. Sofa,$466.26
Zinus Juan Mid-Century Turquoise 65 in. Armless Sofa,$402.11
Zinus Lucy Mustard Yellow Armless Sofa,$419.00
Lifestyle Solutions Caleigh Sofa,$390.90
Zinus Jocelyn Contemporary 65 in. Beige Armless Sofa,$427.69
Zinus Lauren Mid-Century Button Tufted Pear Green Upholstered 52 in. Loveseat,$329.99
Zinus Mikhail Mid-Century Ruby Red Weave Upholstered 52.8 in. Loveseat,$429.00
Brooklyn + Max Danielle Loveseat,$806.99
Emerald Home Doodles Ash Settee,$617.44
Flash Furniture Candler Park Fabric Upholstered Loveseat,$367.79
Flash Furniture Newton Hill Upholstered Bustle Back Sofa,$420.60
Brooklyn + Max Thomas Tufted Loveseat,$713.99
Brooklyn + Max Cole Sofa,$696.99
Brooklyn + Max Victor Loveseat,$787.99
Capsule Home Cameron Linen Sofa,"$1,299.00"
Brooklyn + Max Thomas Tufted Faux Leather Loveseat,$702.99
Flash Furniture Newton Hill Upholstered Bustle Back Loveseat,$282.47
Signature Design by Ashley Tibbee Loveseat,$694.37
Serta Copenhagen Collection 73 in. Sofa,$495.07
Benzara Amora Romantic High Back Loveseat,$713.49
NH Designs Nolan Sofa,$352.70
J&M Furniture A973 Sofa,"$1,891.46"
Zinus Ricardo Contemporary Upholstered 62.2 in. Loveseat,$357.16
Acme Furniture Sisilla Loveseat,$327.58
Flash Furniture Candler Park Fabric Upholstered Sofa,$360.99
Zinus Sunny Modern Steel Gray Weave Loveseat,$304.50
Lifestyle Solutions Warren Sofa with Rolled Arm,$447.75
Weston Home Monterey Microfiber Sofa,$454.49
Zinus Pascal Oatmeal Gray Loveseat,$369.00
Furniture of America Wellington Premium Fabric Sofa - Cream White,"$2,040.82"
Steve Silver Co. Dakota Recliner Loveseat,$892.27
Furniture of America Artesia 3 Piece Sofa Set,"$2,581.54"
Right2Home Bonded Leather Loveseat,$439.99
Work Smart Davis Loveseat,$399.51
Outdoor Leisure Products Deer Valley 4 Piece Sofa Set,"$3,713.99"
Baxton Studio Bianca Walnut Wood Light Gray Fabric Tufted 3 Seater Sofa,$550.15
Meridian Furniture Inc Julian Upholstered Loveseat,"$1,146.06"
Elizabeth Austin Axis Sterling Sofa,"$2,230.00"
Modway Beguile 2 Piece Upholstered Fabric Living Room Loveseat Set,"$1,489.99"
Meridian Furniture Inc Margo Velvet Loveseat,$824.33
Meridian Furniture Inc Margo Velvet Sofa,"$1,023.75"
Rosevera Quitaque Tufted Chesterfield Loveseat,$844.99
Rosevera Evart Tufted Chesterfield Loveseat,"$1,225.60"
Modway Coast 3 Piece Living Room Sofa Set,"$2,267.99"
Meridian Furniture Inc Kayla Velvet Loveseat,$912.96
Meridian Furniture Inc Mariel Tufted Sofa,"$1,251.37"
Roundhill Furniture Moselle Loveseat,$867.78
TOV Furniture Hanny Velvet Sofa,"$1,655.99"
Nuevo Mara Tight Back Sofa,"$1,672.00"
TOV Furniture Arno Velvet Sofa,"$1,457.12"
Parker House Spartacus Power Reclining Sofa,"$1,449.00"
TOV Furniture Flare Velvet Sofa,"$1,420.99"
Nuevo Klara Tufted Sofa,"$1,529.00"
J&M Furniture Soho Loveseat,"$1,043.58"
Abbyson Richmond Tufted Chesterfield Sofa and Armchair Set,"$2,089.25"
Furniture of America Milo Deep Tufted Loveseat,$840.51
Modway Bestow 2 Piece Fabric Sofa and Loveseat Set,"$1,632.99"
Coaster Furniture Kesson Loveseat,$914.00
Coaster Furniture Kesson Sofa,"$1,140.31"
Parker House Parker Living Newton Power Loveseat,"$2,410.00"
Ave Six Ashton Loveseat,$469.00
Armen Living Cobra Loveseat,$989.57
Modway Verve 2 Piece Living Room Sofa Set,"$1,381.99"
Meridian Furniture Inc Arabella Upholstered Sofa,"$1,384.33"
Furniture of America Ileyna 3 Piece Sofa Set,"$3,711.04"
Parker House Parker Living Newton Power Sofa,"$2,840.00"
Nuevo Steen Pillow Back Sofa,"$1,969.00"
TOV Furniture Cleopatra Sofa,"$1,297.99"
Furniture of America Lawrence Bonded Leather Match Sofa,"$1,276.04"
Rosevera Milla Slipcover Loveseat,"$1,015.00"
Parker House Spartacus Power Reclining Loveseat,"$1,399.00"
Modway Loft 3 Piece Upholstered Fabric Sofa and Arm Chair Set,"$1,841.99"
Modway Loft 2 Piece Upholstered Fabric Sofa and Arm Chair Set,"$1,468.99"
Modway Loft 2 Piece Leather Sofa and Loveseat Set,"$2,200.99"
Modway Loft 3 Piece Leather Sofa and Arm Chair Set,"$2,324.99"
Hooker Furniture Solace Leather Sofa,"$4,329.00"
TOV Furniture Sebastian Velvet Sofa,"$1,423.99"
Nuevo Salk Triple Seat Sofa,"$4,572.99"
Hooker Furniture Carlisle Power Motion Loveseat with Power Headrest,"$2,007.00"
Hooker Furniture Esme Power Motion Loveseat with Power Headrest,"$1,895.00"
Roundhill Furniture Leinster Faux Leather Upholstered Sofa,"$1,144.85"
Parker House Bowie Power Reclining Console Loveseat,"$1,199.00"
Parker House Potter Power Reclining Sofa,"$1,999.00"
Lane Annabelle Loveseat,$880.33
TOV Furniture Massi Velvet Sofa,"$1,464.99"
Nuevo Isaak Triple Seat Sofa,"$2,035.00"
J&M Furniture Astro Lounger Sofa,"$1,985.36"
Simmons Upholstery Bingo Motion Loveseat,"$1,120.37"
Hooker Furniture Mowry Power Motion Sofa with Power Headrest,"$2,232.00"
Zuo Modern Contemporary Thor Loveseat,"$1,110.73"
Abbyson Goleta 2 Piece Leather Sofa Set,"$2,397.96"
Furniture of America Kendrick Flannelette Reclining Loveseat,"$1,469.79"
Modway Loft 2 Piece Leather Loveseat and Arm Chair Set,"$1,628.99"
Abbyson Living Alvera Chesterfield Velvet Sofa,"$1,179.00"
Baxton Studio Shaw Upholstered 2-Piece Sofa Set,"$1,160.63"
Roundhill Furniture Metropolitan Fabric Tufted Loveseat with Baroque Fog Pillows,"$1,147.76"
Roundhill Furniture Achern Brown Leather Nailhead Manual Reclining Loveseat with Storage Console,"$1,110.91"
Hooker Furniture Sawyer Upholstered Power Recliner Loveseat with Power Headrest and Nailhead Trim,"$2,214.00"
Emerald Home Nelson Loveseat,$832.60
Hooker Furniture Carlisle Power Motion Sofa with Power Headrest,"$2,232.00"
K & B Furniture Hayden Sofa with Queen Sleeper,"$1,529.85"
Christies Home Living Kevin II Collection Upholstered Reclining Sofa,"$1,243.72"
Zuo Modern Providence Velvet Sofa,"$1,963.93"
Baxton Studio Asta Velvet Tufted Sofa,$608.00
Modway Loft 2 Piece Upholstered Fabric Sofa and Loveseat Set,"$1,634.99"
Modway Loft 2 Piece Leather Sofa and Armchair Set,"$1,880.99"
Armen Living Cobra Sofa,"$1,178.48"
Parker House Thurston Power Reclining Loveseat,"$1,890.00"
J&M Furniture Astro Sofa,"$2,579.96"
Parker House Belize Power Dual Reclining Sofa,"$1,349.00"
Parker House Swift Power Dual Reclining Sofa,"$2,199.00"
Simmons Upholstery Lennox Sterling Sofa,"$1,133.45"
Parker House Juno Power Reclining Loveseat,"$1,175.58"
Christies Home Living Crystal Collection Tufted Loveseat,$619.50
Modway Loft 3 Piece Upholstered Fabric Sofa Set,"$2,007.99"
Simmons Upholstery Harlow Queen Sleeper Sofa,"$1,709.54"
Meridian Furniture Inc Bowery Velvet Sofa,"$1,398.58"
Meridian Furniture Inc Emily Velvet Sofa,"$1,104.58"
Furniture of America Layfield Sofa,"$1,056.49"
Meridian Furniture Inc Taylor Sofa with Accent Pillows,"$1,084.63"
Meridian Furniture Inc Serpentine Upholstered Loveseat,"$1,123.98"
Rosevera Evart Tufted Chesterfield Sofa,"$1,491.20"
Rosevera Quitaque Tufted Chesterfield Sofa,$899.00
Meridian Furniture Inc Reese Sofa with Toss Pillows,"$1,200.33"
Nuevo Steen Pillow Back Sofa,"$1,969.00"
Nuevo Klara Tufted Sofa,"$1,529.00"
TOV Furniture Cleopatra Sofa,"$1,297.99"
Furniture of America Lawrence Bonded Leather Match Sofa,"$1,276.04"
Abbyson Richmond Tufted Chesterfield Sofa and Armchair Set,"$2,089.25"
Modway Bestow 2 Piece Fabric Sofa and Loveseat Set,"$1,632.99"
Elizabeth Austin Axis Avanti Loveseat,"$1,582.00"
Meridian Furniture Inc Reese Loveseat with Toss Pillows,$962.04
Abbyson Blake Fabric Sofa,"$1,373.19"
Roundhill Furniture Leinster Faux Leather Upholstered Loveseat,"$1,017.49"
Parker House Swift Power Dual Reclining Loveseat,"$2,099.00"
Parker House Thurston Power Reclining Loveseat,"$1,890.00"
J&M Furniture Astro Sofa,"$2,579.96"
J&M Furniture Glitz Loveseat,"$1,937.78"
Lane Soft Touch Tufted Leather Sofa,"$1,209.00"
Simmons Upholstery Albany Flared Arm Loveseat,"$1,099.00"
Steve Silver Co. Dakota Recliner Sofa,$976.87
Roundhill Furniture Camero Fabric Pillowback Loveseat,$829.93
Modway Loft 3 Piece Upholstered Fabric Sofa Set,"$2,007.99"
Nuevo Benson Triple Seat Sofa,"$1,969.00"
J&M Furniture King Loveseat,"$1,352.33"
Furniture of America Ileyna 2 Piece Sofa Set,"$2,258.99"
Nuevo Distrikt Triple Seat Sofa,"$3,645.00"
Coddle Node Loveseat,"$1,263.54"
Lane Soft Touch Tufted Leather Loveseat,"$1,089.00"
Furniture of America Ileyna Sofa,"$1,569.12"
Hooker Furniture Solace Leather Sofa,"$4,329.00"
Hooker Furniture Chester Tufted Chesterfield Sofa with Nailhead Trim,"$2,655.00"
Hooker Furniture Peralta Sleeper Sofa with Memory Foam Mattress,"$2,539.99"
Barcalounger Micah Power Reclining Sofa,"$2,080.00"
TOV Furniture Sebastian Velvet Sofa,"$1,423.99"
Nuevo Salk Triple Seat Sofa,"$4,572.99"
Emerald Home Urbana Sofa and Loveseat Set,"$1,435.91"
Roundhill Furniture Leinster Faux Leather Upholstered Sofa,"$1,144.85"
Parker House Belize Power Dual Reclining Loveseat,"$1,299.00"
Parker House Vail Power Dual Reclining Loveseat,"$2,149.00"
Benzara Reinhardt Sofa,"$1,846.50"
Baxton Studio Lenne Upholstered Loveseat,$657.00
Furniture of America Mallory Traditional Style Button Tufted Sofa,"$2,313.33"
K & B Furniture Jackson Sofa with Queen Sleeper,"$1,506.84"
Benzara Bechet Cushy Deluxe Sofa,"$1,410.82"
Simmons Upholstery Beachfront Loveseat,"$1,149.99"
Coaster Furniture Roy Collection Loveseat,"$1,349.63"
Furniture of America Richborough Fabric and Leatherette Loveseat - Dark Brown,"$1,273.58"
Abbyson Living Levi Leather Reclining Sofa,"$1,598.19"
Abbyson Cambridge Push Back Sofa,"$2,178.06"
Furniture of America Claybrooks Recliner Sofa with Cushions,"$1,297.09"
Abbyson Livi Sofa,"$1,001.10"
Abbyson Wellington Reclining Sofa,"$1,851.39"
Roundhill Furniture Aruba Microfiber Pillow Back Loveseat,$833.81
Coaster Furniture Folsom Loveseat Settee,"$1,011.99"
Roundhill Furniture San Marino 2-Tone Chocolate Microfiber Loveseat,"$1,002.69"
Roundhill Furniture Metropolitan Fabric Tufted Sofa with Baroque Fog Pillows,"$1,292.31"
Hooker Furniture Lachlan Power Recline Leather Headrest Sofa,"$3,249.00"
Hooker Furniture Citizen Tufted Tuxedo Sofa,"$2,628.00"
Hooker Furniture Athena Power Leather Motion Loveseat,"$2,308.99"
Hooker Furniture Mozart Leather Sofa,"$2,736.00"
Roundhill Furniture San Marino 2-Tone Chocolate Microfiber Sofa,"$1,121.34"
Hooker Furniture Athena Power Leather Motion Sofa,"$2,510.99"
Benzara Sullivan Wondrous Cushy Sofa,"$1,839.49"
Emerald Home Allyn Faux Leather Reclining Loveseat,"$1,164.24"
Emerald Home Elsbury Loveseat,$963.30
Abbyson Dominica Top Grain Leather Reclining Loveseat,"$1,195.57"
Abbyson Mac Hand Rubbed Leather Sofa and Loveseat Set,"$2,257.07"
Furniture of America Lapides Dual Material Reclining Sofa,"$1,289.45"
Furniture of America Netalia Reclining Sofa,"$1,842.48"
Abbyson Living Toya 2-Piece Faux Leather Reclining Sofa and Chair,"$1,666.43"
Orient Express Furniture Haven Lounge Slipcover Sofa,"$2,299.00"
Abbyson Cambridge Burgundy Leather Pushback Reclining Loveseat and Sofa Set,"$3,110.54"
Abbyson Bryant Leather Loveseat,"$1,328.26"
Abbyson Caprice 2 Piece Leather Sofa Set,"$2,893.14"
Abbyson Danvers 2 Piece Leather Sofa Set,"$3,237.24"
Abbyson Malabar Leather Loveseat,"$1,313.49"
Abbyson Western Top Grain Leather Reclining Sofa - Brown,"$1,490.73"
Abbyson Tamra Leather Loveseat,"$1,406.54"
Parker House Thompson Havana Power Reclining Sofa,"$2,199.00"
Benzara Kris Reclining Loveseat,"$1,183.13"
Benzara Lesath Loveseat,"$1,485.79"
Furniture of America Somarr Contemporary Style Leatherette Recliner Loveseat,"$2,145.49"
Furniture of America Orianne Transitional Style Leatherette Recliner Sofa,"$1,336.66"
Sterling Delilah Loveseat,"$1,332.00"
Furniture of America Fiona Contemporary Loveseat,"$1,392.61"
J&M Furniture Gaia Loveseat,"$3,091.79"
ELK Lighting Sophie Sofa,"$2,979.00"
J&M Furniture Ventura Sofa Bed,"$2,388.71"
Simmons Upholstery Harlow Sofa,"$1,145.51"
Hooker Furniture Trellis Stationary Sofa,"$3,240.00"
Lane Old Forge Loveseat,"$1,019.00"
Armen Living Cambridge Upholstered Loveseat,"$1,188.81"
Parker House Spencer Power Reclining Console Loveseat,"$1,699.00"
Hooker Furniture Sandovol Power Recliner Loveseat with Power Headrest,"$1,856.99"
J&M Furniture Glitz Sofa,"$2,211.82"
Oakland Living Chesterfield Leather Sofa Set,"$5,848.97"
Abbyson Living Cleo Leather Loveseat,"$1,361.82"
Furniture of America Knightly Recliner Loveseat,"$1,157.99"
Simmons Upholstery Harlow Queen Sleeper Sofa,"$1,709.54"
Furniture of America Cowan Microfiber Loveseat,"$1,241.99"
Furniture of America Fiona Contemporary Sofa,"$1,869.58"
Furniture of America Darrick Leather Reclining Loveseat,"$1,850.82"
TOV Furniture Aviator Sofa,"$1,391.99"
Coaster Furniture Roy Collection Sofa,"$1,707.48"
Modway Loft 3 Piece Upholstered Fabric Sofa and Arm Chair Set,"$1,841.99"
Modway Loft 2 Piece Upholstered Fabric Sofa and Arm Chair Set,"$1,468.99"
Modway Loft 2 Piece Leather Sofa and Loveseat Set,"$2,200.99"
Modway Loft 3 Piece Leather Sofa and Arm Chair Set,"$2,324.99"
Furniture of America Bristow Recliner Loveseat,$927.46
Meridian Furniture Inc Ferrara Loveseat with Toss Pillows,$861.73
Simmons Upholstery Harlow Plush Sofa,"$1,199.00"
TOV Furniture Roma Velvet Sofa,"$1,479.99"
TOV Furniture Flare Modern Sofa,"$1,433.99"
Emerald Home Nelson Sofa,$907.57
Hooker Furniture Carlisle Power Motion Loveseat with Power Headrest,"$2,007.00"
Hooker Furniture Esme Power Motion Loveseat with Power Headrest,"$1,895.00"
Parker House Potter Power Reclining Loveseat,"$1,899.00"
Parker House Spencer Power Reclining Sofa,"$1,699.00"
Parker House Thurston Power Reclining Sofa,"$1,949.00"
Parker House Bowie Power Reclining Console Loveseat,"$1,199.00"
Parker House Potter Power Reclining Sofa,"$1,999.00"
Hooker Furniture Giancarlo Power Recline Leather Sofa with Power Headrest,"$2,928.99"
Emerald Home Navaro Motion Console Loveseat,$988.09
TOV Furniture Arti Velvet Loveseat,"$1,280.99"
J&M Furniture Marin Sofa Bed,"$1,874.46"
Emerald Home Siesta Queen Plus Sleeper Sofa,"$1,728.49"
ELK Lighting Concepcion Sofa,"$2,889.00"
Acme Furniture Anondale Sofa,"$2,675.46"
J&M Furniture Vanity Sofa,"$3,738.90"
Abbyson Hayley Leather Reclining Sofa,"$1,434.49"
Hooker Furniture Lachlan Power Recline Leather Headrest Sofa,"$3,249.00"
Hooker Furniture Citizen Tufted Tuxedo Sofa,"$2,628.00"
Modway Loft 3 Piece Leather Sofa Set,"$2,643.99"
Meridian Furniture Inc Ferrara Nailhead Loveseat with Toss Pillows,$861.73
TOV Furniture Eva Velvet Upholstered Sofa Set,"$1,734.99"
TOV Furniture Milan Velvet Sofa,"$1,478.99"
Baxton Studio Perris Tufted Sofa,$724.99
Sterling Lenox Hill Sofa,"$1,332.00"
Cambridge Appalachia Leather Double Reclining Sofa,"$1,627.28"
Benzara Viviana Sofa,"$2,234.37"
Parker House Polaris Power Dual Reclining Sofa,"$1,449.00"
Benzara Laverne Sofa,$835.52
Benzara Skyler Comfy Loveseat,"$1,206.99"
Benzara Laney Tufted Comfy Sofa,"$1,447.99"
Furniture of America Lencho Transitional Style Plush Recliner Loveseat,"$1,396.04"
Furniture of America Lapides Dual Material Reclining Loveseat,"$1,048.87"
Sunset Trading Madison 3 Piece Reclining Living Room Set - Charcoal Blue / Gray,"$2,549.99"
Benzara Elpis Spacious Howling Loveseat,"$1,416.50"
Benzara Kris Reclining Loveseat,"$1,183.13"
Benzara Lesath Loveseat,"$1,485.79"
Benzara Sullivan Wondrous Cushy Sofa,"$1,839.49"
Parker House Parthenon Power Dual Reclining Loveseat,"$1,349.00"
Abbyson Mac Hand Rubbed Leather Loveseat,"$1,278.99"
Abbyson Aria Leather Sofa,"$1,473.88"
Baxton Studio Lenne Upholstered Loveseat,$657.00
Furniture of America Mallory Traditional Style Button Tufted Sofa,"$2,313.33"
K & B Furniture Jackson Sofa with Queen Sleeper,"$1,506.84"
Furniture of America Maldino Traditional Style Intricate Wood Carved Loveseat,"$1,566.27"
Furniture of America Artesia 2 Piece Sofa Set,"$2,060.78"
Furniture of America Somarr Contemporary Style Leatherette Recliner Sofa,"$2,123.54"
Furniture of America Gregor 2 Piece Sofa Set,"$3,023.99"
Furniture of America Gryphon Sofa,"$1,501.06"
Abbyson Living Western Leather Sofa and Recliner Set,"$2,102.52"
Christies Home Living Samara 2 Piece Living Room Reclining Sofa Set,"$2,684.93"
Parker House Paxton Navy Power Reclining Loveseat,"$2,099.00"
Benzara Urbane Reclining Sofa,"$1,532.41"
Parker House Thompson Havana Power Reclining Sofa,"$2,199.00"
Hooker Furniture Mozart Leather Sofa,"$2,736.00"
Roundhill Furniture San Marino 2-Tone Chocolate Microfiber Sofa,"$1,121.34"
Hooker Furniture Athena Power Leather Motion Sofa,"$2,510.99"
TOV Furniture Camden Linen Loveseat - Grey,"$1,103.99"
Abbyson Bethany Reclining Leather Loveseat,"$1,608.45"
Abbyson Western Top Grain Leather Sofa Loveseat and Recliner,"$3,554.06"
Furniture of America Amar Traditional Style Intricate Wood Carved Sofa,"$1,798.91"
Furniture of America Orianne Transitional Style Leatherette Recliner Sofa,"$1,336.66"
Furniture of America Gregor Sofa,"$2,088.78"
Sterling Delilah Loveseat,"$1,332.00"
Furniture of America Fiona Contemporary Loveseat,"$1,392.61"
Emerald Home Earl Motion Recliner Loveseat With Console,"$1,178.27"
ELK Lighting Sophie Sofa,"$2,979.00"
J&M Furniture Y Cour Sofa,"$1,134.13"
Hooker Furniture Poise Power Recliner Sofa with Power Headrest,"$2,862.00"
Parker House Parthenon Power Dual Reclining Sofa,"$1,299.00"
Benzara Kinsley Sofa,"$1,732.99"
Benzara Bechet Cushy Deluxe Sofa,"$1,410.82"
Simmons Upholstery Bennington Loveseat,"$1,019.00"
Cambridge Appalachia Leather Double Reclining Loveseat,"$1,815.16"
Furniture of America Netalia Reclining Loveseat,"$1,408.16"
Baxton Studio Sava Mid-Century Upholstered Sofa,"$1,044.00"
Abbyson Western Top Grain Leather Reclining Loveseat - Brown,"$1,300.15"
Abbyson Living Toya 2-Piece Faux Leather Reclining Sofa and Loveseat,"$1,944.49"
Christies Home Living Kevin II Collection Reclining Loveseat with Console,"$1,222.93"
Nuevo Distrikt Triple Seat Sofa,"$3,645.00"
K & B Furniture Montgomery Sofa,"$1,253.49"
Emerald Home Allyn Faux Leather Reclining Loveseat,"$1,164.24"
Hooker Furniture Exton Stationary Sofa,"$2,048.00"
Armen Living Barrister Green Velvet Loveseat,"$1,279.27"
Benzara Modish Sofa,"$1,993.23"
Hooker Furniture Trellis Stationary Sofa,"$3,240.00"
Lane Old Forge Loveseat,"$1,019.00"
J&M Furniture Gaia Sofa,"$3,232.06"
J&M Furniture Mono Sofa Bed,"$1,874.46"
ELK Lighting Gypsy Two Seater Sofa,"$2,442.60"
Acme Furniture Dresden Loveseat with 2 Pillows,"$1,689.00"
Abbyson Hampton Leather Loveseat,"$1,140.73"
Abbyson Prescot Leather Sofa,"$1,658.36"
Furniture of America Artesia Sofa with Nailhead Trim,"$1,226.88"
Abbyson Leo Top Grain Leather Loveseat,"$1,475.63"
Emerald Home Elsbury Loveseat,$963.30
Abbyson Mac Hand Rubbed Leather Sofa and Loveseat Set,"$2,257.07"
Furniture of America Lapides Dual Material Reclining Sofa,"$1,289.45"
Abbyson Tamra Leather Loveseat,"$1,406.54"
Roundhill Furniture San Marino 2-Tone Chocolate Microfiber Loveseat,"$1,002.69"
Roundhill Furniture Metropolitan Fabric Tufted Sofa with Baroque Fog Pillows,"$1,292.31"
Parker House Ryan Canyon Power Reclining Sofa,"$2,099.00"
Parker House Thompson Havana Power Reclining Loveseat,"$2,099.00"
American Furniture Classics Abington Sand Loveseat,"$1,281.10"
American Furniture Classics Deer Teal Lodge Tapestry Loveseat,"$1,266.18"
Emerald Home Jessie James Faux Leather Reclining Loveseat,"$1,160.91"
J&M Furniture Vanity Sofa,"$3,738.90"
Abbyson Livi Sofa,"$1,001.10"
A & B Home Ludlow Sofa,"$2,009.70"
Armen Living Barrister Gray Velvet Sofa,"$1,598.13"
Benzara Fabric Sofa,"$1,408.97"
Christies Home Living Tracey Queen Sofa Bed,"$1,345.21"
Furniture of America Odette Transitional Style Microfiber Loveseat,"$1,686.54"
Furniture of America Wellington Premium Fabric Loveseat - Cream White,"$1,714.31"
J&M Furniture Divina Leather Sofa,"$3,513.26"
J&M Furniture Lorenzo Sofa,"$2,788.74"
J&M Furniture JK059 Sofa,"$1,894.02"
Abbyson Catterton Glider Loveseat,"$1,942.91"
Abbyson Bradford Reclining Loveseat,$883.34
Furniture of America Somarr Contemporary Style Leatherette Recliner Loveseat,"$2,145.49"
Furniture of America Gregor 3 Piece Sofa Set,"$4,595.91"
Emerald Home Clarkson Loveseat with 2 Pillows,$775.99
ELK Lighting Sophie Sofa,"$2,979.00"
J&M Furniture Y Cour Sofa,"$1,134.13"
J&M Furniture Ventura Sofa Bed,"$2,388.71"
Simmons Upholstery Harlow Sofa,"$1,145.51"
Hooker Furniture Trellis Stationary Sofa,"$3,240.00"
ELK Lighting Gypsy Two Seater Sofa,"$2,442.60"
Acme Furniture Dresden Loveseat with 2 Pillows,"$1,689.00"
J&M Furniture Cooper Loveseat,"$2,457.02"
Parker House Parthenon Power Dual Reclining Sofa,"$1,299.00"
Benzara Kinsley Sofa,"$1,732.99"
Benzara Bechet Cushy Deluxe Sofa,"$1,410.82"
Furniture of America Odette Transitional Style Microfiber Loveseat,"$1,686.54"
Benzara Fabric Sofa,"$1,408.97"
Parker House Paxton Navy Power Reclining Loveseat,"$2,099.00"
Benzara Urbane Reclining Sofa,"$1,532.41"
Benzara Modish Sofa,"$1,993.23"
Parker House Thompson Havana Power Reclining Loveseat,"$2,099.00"
American Furniture Classics Abington Sand Loveseat,"$1,281.10"
American Furniture Classics Deer Teal Lodge Tapestry Loveseat,"$1,266.18"
Furniture of America Somarr Contemporary Style Leatherette Recliner Loveseat,"$2,145.49"
Furniture of America Orianne Transitional Style Leatherette Recliner Sofa,"$1,336.66"
Furniture of America Gregor Sofa,"$2,088.78"
Furniture of America Gregor 3 Piece Sofa Set,"$4,595.91"
Sterling Delilah Loveseat,"$1,332.00"
Furniture of America Fiona Contemporary Loveseat,"$1,392.61"
Emerald Home Earl Motion Recliner Loveseat With Console,"$1,178.27"
Emerald Home Clarkson Loveseat with 2 Pillows,$775.99
Acme Furniture Dreena Loveseat with 3 Pillows,"$1,896.40"
Emerald Home Elsbury Loveseat,$963.30
Furniture of America Netalia Reclining Sofa,"$1,842.48"
Orient Express Furniture Haven Lounge Slipcover Sofa,"$2,299.00"
Benzara Stanford Tufted Chesterfield Loveseat,"$1,164.99"
Parker House Steele Power Dual Reclining Console Loveseat,"$2,199.00"
Benzara Pollux Reclining Sofa,"$1,532.99"
TOV Furniture Lyon Leather Sofa - Grey,"$1,457.99"
Simmons Upholstery Boston Queen Sleeper Sofa,"$1,666.99"
Furniture of America Cowan Microfiber Sofa,"$1,833.49"
Lane Macintosh Loveseat,"$1,019.00"
J&M Furniture Giovani Loveseat,"$2,837.76"
J&M Furniture K56 Y01 Sofa,"$2,103.04"
J&M Furniture Hotel Sofa,"$1,505.60"
Emerald Home Allyn Faux Leather Reclining Loveseat,"$1,164.24"
Furniture of America Wellington Premium Fabric Loveseat - Cream White,"$1,714.31"
J&M Furniture Divina Leather Sofa,"$3,513.26"
Hooker Furniture Exton Stationary Sofa,"$2,048.00"
J&M Furniture Lorenzo Sofa,"$2,788.74"
J&M Furniture JK059 Sofa,"$1,894.02"
Abbyson Cambridge Burgundy Leather Pushback Reclining Loveseat and Sofa Set,"$3,110.54"
Abbyson Ashlyn Reclining Sofa,"$1,855.96"
Abbyson Bella 2 Piece Leather Sofa and Loveseat Set,"$2,212.64"
Abbyson Catterton Power Reclining Sofa,"$2,216.09"
Abbyson Bradford Reclining Sofa,"$1,051.30"
Abbyson Wellington Reclining Loveseat,"$1,418.00"
NH Designs 71006 Bonded Leather Sofa Recliner and Loveseat Set,"$1,933.04"
Abbyson Bryant Leather Sofa,"$1,736.96"
NH Designs 72004B Gray Bonded Leather Sofa Recliner & Loveseat Set,"$1,540.68"
Abbyson Caprice 3 Piece Leather Sofa Set,"$4,275.72"
Abbyson Gibson 2 Piece Leather Sofa and Armchair Set,"$2,710.89"
Abbyson Hampton 2 Piece Leather Sofa and Loveseat Set,"$2,513.06"
Abbyson Malabar Leather Sofa,"$1,606.64"
Abbyson Parker 2 Piece Leather Sofa and Chair Set,"$2,700.10"
Benzara Imperial Looking Sofa,"$1,576.99"
Benzara Contemporary Power Reclining Sofa,"$1,317.99"
J&M Furniture Cooper Loveseat,"$2,457.02"
J&M Furniture Magic Sofa,"$4,998.00"
J&M Furniture Divina Fabric Loveseat,"$2,915.82"
Abbyson Dominica Top Grain Leather Reclining Sofa,"$1,529.37"
Abbyson Beverly Hand Rubbed Leather Loveseat - Espresso Brown,"$1,508.28"
Star International Maxwell Split Cushion Sofa,"$1,599.00"
Abbyson Living Toya 3-Piece Faux Leather Reclining Sofa Set,"$2,442.58"
Abbyson Cambridge Burgundy Leather Pushback Reclining Chair and Sofa Set,"$2,680.48"
Christies Home Living Samara Reclining Sofa,"$1,302.00"
Sunset Trading Madison Reclining Loveseat - Charcoal Blue / Gray,"$1,106.10"
Abbyson Wellington Top Grain Leather Reclining Sofa and Loveseat Set,"$2,694.78"
Abbyson Lister Grey Leather Sofa,"$1,973.24"
Abbyson Dominica Top Grain Leather Reclining Sofa Set,"$3,243.46"
Abbyson Mac Hand Rubbed Leather Sofa,"$1,135.78"
Abbyson Aria Leather Loveseat,"$1,613.99"
Furniture of America Benson Transitional Style Leatherette Recliner Sofa,"$1,660.30"
Furniture of America Hayden Loveseat,"$1,180.31"
Furniture of America Amar Traditional Style Intricate Wood Carved Loveseat,"$1,360.65"
Furniture of America Gryphon Loveseat,"$1,232.17"
Furniture of America Dellie Transitional Style Leatherette Recliner Loveseat,"$1,274.99"
Furniture of America Maldino Traditional Style Intricate Wood Carved Sofa,"$1,766.43"
Hooker Furniture Yates Stationary Sofa,"$2,943.00"
Abbyson Living Leroy Grand Chesterfield Velvet Loveseat,"$1,129.27"
HomeFare Chic Channeled Sofa,"$1,377.33"
TOV Furniture Lyon Leather Sofa - Grey,"$1,457.99"
Simmons Upholstery Boston Queen Sleeper Sofa,"$1,666.99"
Furniture of America Darrick Leather Reclining Sofa,"$2,005.33"
J&M Furniture Giovani Loveseat,"$2,837.76"
J&M Furniture K56 Y01 Sofa,"$2,103.04"
J&M Furniture Hotel Sofa,"$1,505.60"
J&M Furniture Divina Fabric Sofa,"$3,147.87"
J&M Furniture Cooper Sofa,"$2,500.28"
Furniture of America Atene Premium Fabric Loveseat - Ivory,"$1,645.39"
Christies Home Living Tracey Loveseat,"$1,160.31"
Furniture of America Artesia Loveseat with Nailhead Trim,"$1,001.66"
Furniture of America Benson Transitional Style Leatherette Recliner Loveseat,"$1,351.48"
Furniture of America Gregor Loveseat,"$1,508.79"
Acme Furniture Anondale Loveseat,"$2,227.30"
Emerald Home Jessie James Faux Leather Reclining Sofa,"$1,162.96"
J&M Furniture Vanity Loveseat,"$3,442.74"
United Furniture Grandstand Walnut Loveseat,$999.06
Parker House Stratus Cozy Power Reclining Loveseat,"$1,349.00"
Hooker Furniture Lachlan Power Recline Loveseat with Power Headrest,"$3,489.00"
American Furniture Classics Abington Sand 4 Piece Sofa Set,"$3,750.39"
Abbyson Grand Chesterfield Brown Top Grain Leather Sofa,"$2,368.23"
Abbyson Grand Chesterfield Gray Velvet Loveseat,"$1,331.46"
Sunset Trading Teddy Bear Reclining Loveseat with Console,"$1,106.10"
Abbyson Grand Chesterfield Brown Top Grain Leather Loveseat,"$2,107.88"
Abbyson Madison Leather Push Back Reclining Sofa Set,"$4,128.67"
Parker House Optimus Truffle Power Reclining Loveseat,"$1,449.00"
Parker House Paxton Navy Power Reclining Sofa,"$2,199.00"
Coaster Furniture Stellan Loveseat,$926.76
Coaster Furniture Alasdair Sofa,"$1,562.30"
Hooker Furniture Chambers Power Recliner Sofa with Power Headrest,"$2,736.00"
Roundhill Furniture Achern Brown Leather Nailhead Manual Reclining Sofa with Storage Console and USB Port,"$1,137.22"
Hooker Furniture Giancarlo Motion Loveseat with Power Headrest,"$2,618.99"
Benzara Stanford Tufted Chesterfield Loveseat,"$1,164.99"
Benzara Ruth Loveseat,"$2,016.96"
Parker House Steele Power Dual Reclining Console Loveseat,"$2,199.00"
Benzara Pollux Reclining Sofa,"$1,532.99"
Benzara Dresden Sofa,"$2,391.49"
Furniture of America Cowan Microfiber Sofa,"$1,833.49"
Lane Macintosh Loveseat,"$1,019.00"
Benzara Kinsley Loveseat,"$1,425.99"
Benzara Bechet Cushy Deluxe Loveseat,"$1,179.85"
Abbyson Arlo Leather Sofa,"$1,706.79"
Hooker Furniture Imperial Stationary Sofa,"$3,033.00"
Abbyson Calabasas Reclining Sofa,"$1,315.37"
Abbyson Cambridge Push Back Loveseat,"$1,805.64"
Furniture of America Claybrooks Recliner Loveseat with Center Console,"$1,141.36"
NH Designs 71006B Bonded Leather Sofa Recliner and Loveseat Set,"$1,551.64"
Abbyson Butte Top Grain Leather Loveseat,"$1,275.72"
Abbyson Dana Leather Loveseat,"$1,298.50"
Abbyson Durango Power Sofa,"$2,472.60"
Abbyson Carson Leather Sofa,"$1,812.86"
Abbyson Cornado 3 Piece Top Grain Leather Reclining Set,"$5,522.50"
Abbyson Hampton 3 Piece Leather Sofa Set,"$3,275.61"
Abbyson Lompoc 3 Piece Leather Power Reclining Sofa Set,"$6,334.78"
Abbyson Merrit Leather Loveseat,"$1,448.36"
K & B Furniture Huntsville Loveseat - Chocolate,$641.74
Baxton Studio Clemence French Provincial Upholstered Loveseat,$925.00
Emerald Home Jessie James Faux Leather Reclining Sofa,"$1,162.96"
Furniture of America Atene Premium Fabric Loveseat - Ivory,"$1,645.39"
J&M Furniture Cooper Sofa,"$2,500.28"
J&M Furniture Vanity Loveseat,"$3,442.74"
United Furniture Grandstand Walnut Loveseat,$999.06
TOV Furniture Lyon Leather Sofa - Grey,"$1,457.99"
Simmons Upholstery Boston Queen Sleeper Sofa,"$1,666.99"
Furniture of America Darrick Leather Reclining Sofa,"$2,005.33"
Furniture of America Benson Transitional Style Leatherette Recliner Sofa,"$1,660.30"
Furniture of America Gryphon Loveseat,"$1,232.17"
Furniture of America Hayden Loveseat,"$1,180.31"
K & B Furniture Huntsville Loveseat,$651.09
Emerald Home Hutton II Sofa,$971.00
Benzara Viscontti Sofa,"$2,023.99"
Meridian Furniture Inc Roxy Tufted Loveseat with Nailhead Trim,$815.58
Meridian Furniture Inc Julian Upholstered Sofa,"$1,525.97"
Meridian Furniture Inc Roxy Tufted Sofa with Nailhead Trim,"$1,196.78"
Meridian Furniture Inc Ferrara Nailhead Sofa,"$1,115.48"
Meridian Furniture Inc Chesterfield Loveseat with Accent Pillows,$883.68
Modway Loft 3 Piece Upholstered Fabric Living Room Loveseat Set,"$1,707.99"
Baxton Studio Clemence French Provincial Upholstered Loveseat,$925.00
Abbyson London Brown Leather Chair and Sofa Set,"$2,391.16"
Abbyson Bellagio Loveseat,"$1,268.56"
Abbyson Bellagio 3 Piece Sofa Set,"$3,078.27"
Barcalounger Micah Console Loveseat,"$2,080.00"
Modway Loft 3 Piece Upholstered Fabric Living Room Sofa Set,"$1,841.99"
Modway Loft 2 Piece Upholstered Fabric Living Room Sofa Set,"$1,468.99"
Coaster Furniture Frostine Sofa,"$1,546.00"
Better Homes & Gardens Russel Skirted Sofa,$402.73
Moes Home Collection Hexo Sofa,"$1,680.99"
Modway Peruse Velvet Upholstered Loveseat,"$1,000.99"
Emerald Home Binetti Sofa,$710.38
Roundhill Furniture Moselle Sofa,$985.52
Benzara Parma Loveseat,$748.49
Emerald Home Slumber Full Sleeper Sofa,$891.23
Furniture of America Arvada Wingback Loveseat Chair,$624.00
Meridian Furniture Inc Emily Velvet Loveseat,$680.98
Modway Coast Sofa,"$1,114.99"
Abbyson Kodiak Fabric Sofa and Ottoman Set,$576.30
Better Homes & Gardens Oxford Square Sofa,$647.60
Modway Delve Velvet Sofa,$989.99
Meridian Furniture Inc Opal Upholstered Loveseat,"$1,206.24"
Dwell Home Sofa 2 Go Axis Loveseat,$455.96
Modway Bestow 2 Piece Upholstered Fabric Loveseat and Armchair Set,"$1,326.99"
Meridian Furniture Inc Lola Upholstered Sofa,"$1,095.73"
Meridian Furniture Inc Lola Upholstered Loveseat,$859.24
Benzara Campbell Loveseat,$918.65
Furniture of America Lawrence Bonded Leather Match Loveseat,$882.08
Modway Allure 2 Piece Sofa and Arm Chair Set,$963.99
Modway Delve Velvet Sofa,$989.99
Emerald Home Binetti Sofa,$710.38
TOV Furniture Daisy Petite Velvet Sofa,$979.00
Abbyson Kodiak Fabric Sofa and Ottoman Set,$576.30
Dwell Home Sofa 2 Go Axis Loveseat,$455.96
Roundhill Furniture Moselle Sofa,$985.52
Emerald Home Slumber Full Sleeper Sofa,$891.23
Furniture of America Arvada Wingback Loveseat Chair,$624.00
Modway Delve 2 Piece Upholstered Vinyl Sofa and Armchair Set,"$1,306.99"
Christies Home Living Crystal Collection Tufted Sofa,$795.60
A C Pacific Baron Upholstered Sofa,$585.99
Dwell Home DHI Kaylee Sofa,$704.46
Ave Six Main Street Loveseat,$465.49
K&B Furniture Contemporary Upholstered Loveseat with Nailhead Trim,$479.55
Modway Bestow 2 Piece Upholstered Fabric Loveseat and Armchair Set,"$1,326.99"
Meridian Furniture Inc Lola Upholstered Sofa,"$1,095.73"
Benzara Campbell Loveseat,$918.65
Baxton Studio Carina Mid-Century Modern Fabric Upholstered Loveseat,$456.25
Better Homes & Gardens Oxford Square Sofa,$647.60
Modway Coast Sofa,"$1,114.99"
Meridian Furniture Inc Opal Upholstered Loveseat,"$1,206.24"
Abbyson Berlin Fabric Sofa,$734.43
Modway Engage Left-Arm Loveseat,$974.99
Modway Loft Upholstered Fabric Sofa,"$1,095.99"
Modway Serve Sofa,"$1,107.99"
Modway Peruse Velvet Upholstered Loveseat,"$1,000.99"
Benzara Oliviera Elegant Loveseat,"$1,179.00"
Brooklyn + Max Marcella Stitched Back Sofa,$840.99
Acme Furniture Ngaio Loveseat,$621.55
Best Master Furniture Trisha Tufted Velour Loveseat,$708.20
Benzara Modish Reclining Sofa,"$1,105.38"
Lane Pavilion Sofa,$964.99
Parker House Chapman Dual Reclining Sofa,$999.00
Lane OConnor Sofa,$938.06
J&M Furniture Davos Loveseat,"$1,155.92"
Emerald Home Elsbury Sofa,$925.00
Emerald Home Grandview Sofa,$731.71
NH Designs 72004 Bonded Leather Motion Loveseat,$724.66
Furniture of America Mischy Transitional Style Premium Velvet Loveseat,"$1,152.28"
A C Pacific Kendall Upholstered Tufted Sofa,$673.52
Christies Home Living Samara Reclining Loveseat,"$1,097.98"
Modway Remark Upholstered Loveseat,$853.99
Modway Engage Right-Arm Upholstered Loveseat,$974.99
Baxton Studio Venza Walnut Wood Black Faux Leather 3 Seater Sofa,$546.96
A C Pacific Victoria Button Tufted Sofa with 2 Lumbar Pillows,"$1,029.99"
Roundhill Furniture San Marino Sofa,"$1,111.25"
Baxton Studio Mid-Century Masterpieces Sofa - Brown,$455.49
Modway Remark Upholstered Sofa,$920.99
Modway Allure 3 Piece Sofa and Arm Chair Set,"$1,200.99"
Modway Delve 2 Piece Upholstered Vinyl Sofa and Armchair Set,"$1,306.99"
Dwell Home DHI Kaylee Sofa,$704.46
Ave Six Main Street Loveseat,$465.49
Modway Bestow Velvet Sofa,"$1,106.99"
Abbyson Berlin Fabric Sofa,$734.43
Modway Engage Left-Arm Loveseat,$974.99
Modway Loft Upholstered Fabric Sofa,"$1,095.99"
Parker House Chapman Dual Reclining Loveseat,$891.99
Best Master Furniture Trisha Tufted Velour Sofa,$893.60
Lane Pavilion Loveseat,$843.99
Zuo Modern Contemporary Rocky Sofa,$682.45
Baxton Studio Carina Mid-Century Modern Fabric Upholstered Loveseat,$456.25
Baxton Studio Arcadia Sofa,$589.79
Brooklyn + Max Marcella Stitched Back Sofa,$840.99
Brooklyn + Max Deran Sofa,"$1,118.99"
Cambridge Hawk Double Reclining Loveseat,"$1,028.74"
Emerald Home Clarkson Sofa with 2 Pillows,$753.00
Emerald Home Gabrielle Loveseat,$896.65
Emerald Home Elsbury Sofa,$925.00
Emerald Home Grandview Sofa,$731.71
Steve Silver Co. Aria Power Recliner Loveseat with Console and Power Head Rest,"$1,185.87"
Benzara Settee Loveseat,$885.83
Acme Furniture Ngaio Loveseat,$621.55
Furniture of America Mischy Transitional Style Premium Velvet Loveseat,"$1,152.28"
Benzara Oliviera Elegant Loveseat,"$1,179.00"
Roundhill Furniture San Marino Sofa,"$1,111.25"
Benzara Linen 2 Piece Tufted Sofa Set,$729.00
A C Pacific Kendall Upholstered Tufted Sofa,$673.52
Baxton Studio Bianca Walnut Wood Dark Brown Distressed Faux Leather 3 Seater Sofa,$596.42
Baxton Studio Shaw Upholstered Sofa,$564.99
A C Pacific Ethan Upholstered Tufted Sofa,$673.52
A C Pacific Rachel Upholstered Sofa,$731.99
J&M Furniture Davos Loveseat,"$1,155.92"
Emerald Home Speakeasy Sofa,$829.00
A C Pacific Kendall Upholstered Tufted Loveseat,$558.82
Dwell Home Sofa 2 Go Axis Loveseat,$455.96
Furniture of America Arvada Wingback Loveseat Chair,$624.00
K&B Furniture Contemporary Upholstered Loveseat with Nailhead Trim,$479.55
Modway Response Upholstered Fabric Sofa,"$1,252.99"
Modway Loft Upholstered Fabric Loveseat,$961.99
Parker House Chapman Triple Reclining Sofa,$999.00
Abbyson Elsa Fabric Loveseat,$586.72
Modway Delve Upholstered Vinyl Sofa,"$1,039.99"
Empress Fabric Sofa,"$1,020.99"
Engage Fabric Sofa,"$1,085.99"
TOV Furniture Adina Velvet Loveseat,$569.99
Parker House Chapman Dual Reclining Loveseat,$891.99
Baxton Studio Mid-Century Masterpieces Sofa - Brown,$455.49
Emerald Home Clarkson Sofa with 2 Pillows,$753.00
Emerald Home Gabrielle Loveseat,$896.65
Lane Garret Loveseat,$791.53
Brooklyn + Max Blume Mid Century Sofa,$874.99
Baxton Studio Larsen Upholstered Sofa,$553.75
A C Pacific Ethan Upholstered Tufted Loveseat,$558.82
Benzara Contemporary Fabric Sofa with 2 Ottomans,$928.42
Emerald Home Gabrielle Sofa,"$1,004.31"
Roundhill Furniture San Marino Loveseat,$976.33
NH Designs 71006 Bonded Leather Motion Loveseat,$774.81
Baxton Studio Chavanon Loveseat,$591.37
Benzara Sophisticated Champion Sofa,"$1,147.74"
Brooklyn + Max Millay Mid Century Sofa,$981.99
Ave Six Pacific Faux Leather Sofa,$755.24
Modway Bestow Velvet Loveseat,$957.99
Brooklyn + Max Sabine Mid Century Sofa,"$1,000.03"
United Furniture Seguin Driftwood Loveseat,$797.00
Furniture of America Adonnis Traditional Style Printed Fabric Loveseat,"$1,244.24"
Furniture of America Orianne Transitional Style Leatherette Recliner Loveseat,"$1,088.82"
Emerald Home Capone Loveseat,"$1,124.00"
Roundhill Furniture Dual Reclining Loveseat,$973.72
Baxton Studio Sava Mid-Century Upholstered Loveseat,$719.99
Meridian Furniture Inc Mila Upholstered Loveseat,"$1,215.23"
Modway Loft 2 Piece Upholstered Fabric Living Room Loveseat Set,"$1,334.99"
Modway Prospect Upholstered Fabric Loveseat,$385.00
Coaster Furniture Montbrook Collection Sofa,"$2,655.61"
Baxton Studio Sorrento Sofa,$396.03
Baxton Studio Scarlett Loveseat,$306.88
Ave Six Laguna Loveseat,$300.19
Ave Six Pacific Contemporary Faux Leather Loveseat,$396.57
Avenue Six Pacific Loveseat - Black Faux Leather/Vinyl,$389.00
Baxton Studio Larsen Upholstered Loveseat,$386.61
NH Designs Champion and Faux Leather Motion Sofa,$834.12
Armen Living Winston Vintage Sofa,"$1,736.76"
Baxton Studio Miranda Mid-Century Modern Fabric Upholstered Sofa,$624.49
Emerald Home Marquis Faux Leather Sofa and Loveseat Set,"$1,629.00"
Dwell Home DHI Kaylee Loveseat,$428.60
Baxton Studio Venza Walnut Wood Light Brown Fabric Upholstered 2 Seater Loveseat,$390.87
NH Designs 72013 Microfiber Loveseat,$320.25
Baxton Studio Sorrento Velvet Tufted Sofa,$420.76
Baxton Studio Charlotte Sofa,$670.55
Baxton Studio Venza Walnut Wood Black Faux Leather 2 Seater Loveseat,$390.87
Abbyson Living Railey Velvet Settee Loveseat,$394.13
Dwell Home Sofa 2 Go Axis Sofa,$419.73
Modway Prospect Velvet Loveseat,$378.00
Furniture of America Richborough Fabric and Leatherette Sofa - Dark Brown,"$1,766.00"
Acme Furniture Dreena Sofa with 5 Pillows,"$2,220.04"
NH Designs Champion and Faux Leather Motion Sofa,$834.12
Furniture of America Richborough Fabric and Leatherette Sofa - Dark Brown,"$1,766.00"
Armen Living Winston Vintage Sofa,"$1,736.76"
Coaster Furniture Montbrook Collection Sofa,"$2,655.61"
A C Pacific Rachel Upholstered Loveseat,$594.53
Baxton Studio Redding Cognac Leather Modern Sofa Set - Brown,"$1,551.21"
Better Homes & Gardens Oxford Square Loveseat,$515.70
Signature Design by Ashley Party Time Power Reclining Loveseat with Console and Adjustable Headrest,"$1,736.99"
Lane Crosby Block Foot Loveseat,$688.99
South Cone Grant Linen Sofa,"$1,580.06"
South Cone Lois Tufted Linen Sofa,"$1,417.94"
South Cone Piere Linen Sofa,"$1,799.23"
South Cone Bruce Velvet Sofa,"$1,180.55"
South Cone Dean Velvet Sofa,"$1,160.82"
South Cone Chesterkool Velvet Sofa,"$1,551.60"
South Cone L'Amore Velvet Sofa,"$1,514.45"
Pangea Home Claire 3-Seater Sofa,"$1,686.77"
Pangea Home Jasper 3 Seater Sofa,"$2,192.98"
South Cone Linton Linen Sofa,"$1,112.63"
South Cone Hannah Slipcover Sofa,"$1,199.00"
South Cone Jane Linen Sofa,"$1,449.00"
Pangea Home Claire 1-Seater Sofa,$610.56
South Cone Chesterkool Leather Sofa,"$2,930.00"
South Cone Madox Linen Sofa,"$1,574.73"
South Cone Mason Velvet Sofa,"$1,170.69"
South Cone Terri Mid-Century Velvet Sofa,"$1,174.64"
Signature Design by Ashley Clonmel Reclining Loveseat,$813.99
Manhattan Comfort Granville 3-Seat Tweed Sofa,"$1,817.63"
Sunpan Matisse Sofa,"$3,598.00"
Pangea Home Florence Sofa and Chair Set,"$1,853.30"
Sunpan Viper Sofa,"$2,979.87"
South Cone Toulouse Velvet Sofa,"$2,005.59"
South Cone Cassandra Tufted Sofa,"$1,263.69"
South Cone Kent Tufted Linen Sofa,"$1,135.78"
Pangea Home Malcolm Sofa,"$1,639.00"
Pangea Home Nathan 3 Seater Sofa,"$1,226.69"
Moes Home Collection Langon Sofa,"$1,325.00"
Baxton Studio Loreto Glam / Luxe Upholstered Velvet Sofa,"$1,169.99"
Moes Home Collection Primavera Sofa,"$2,275.00"
Simmons Upholstery Albany Sofa with Chaise,"$1,345.69"
Sunpan Viper Loveseat,"$2,798.00"
South Cone Madame Tufted Linen Sofa,"$2,172.49"
Pangea Home Florence Sofa,"$1,229.99"
Sunpan Zander Sofa,"$1,936.31"
Bernhardt Germain Fabric Loveseat,"$1,871.00"
American Furniture Classics Alpine Lodge 4 Piece Sofa Set with Sleeper Sofa,"$4,018.03"
Baxton Studio Carina Upholstered 3 Piece Living Room Sofa Set,"$1,554.16"
Moes Home Collection Canal Fabric Sofa,"$2,025.00"
Moe's Home Collection Bolton Sofa,"$4,525.00"
Pangea Home Zoe 3 Seat Upholstered Sofa,"$1,579.99"
Sunpan Cathedral Loveseat,"$2,170.95"
Sunpan Hanover Sofa,"$1,953.33"
Primitive Collections Harmony Sofa,"$1,383.88"
Moes Home Collection Magdelan Tufted Leather Sofa,"$3,125.00"
Sunpan Baretto Sofa,"$3,336.69"
Baxton Studio Allister Upholstered Sofa,$849.52
Signature Design by Ashley Lockesburg Reclining Sofa,"$1,619.99"
Moe's Home Collection Birmingham Sofa - Dark Brown,"$4,525.00"
Baxton Studio Sussex Linen Loveseat - Beige,$939.61
Sunpan Portico Sofa,"$1,976.49"
Moes Home Collection Raval Fabric Sofa,"$2,325.00"
Moes Home Collection Jaxon Fabric Sofa,"$1,125.00"
South Cone D'Elegance Linen Sofa,"$1,622.79"
South Cone Benisse Slipcovered Fabric Sofa,"$1,739.99"
Stilnovo Vuori Loveseat,"$1,395.55"
Pangea Home Lorenzo Sofa,"$1,446.74"
Sunpan Alexandria Sofa,"$3,202.99"
Pangea Home Battista 3 Seater Sofa,"$1,950.73"
Baxton Studio Aveline Glam / Luxe Velvet Upholstered Sofa,"$1,230.81"
Pangea Home Vivienne Tuxedo Fabric Sofa,"$1,584.35"
Moes Home Collection Kirby Leather Sofa,"$4,850.00"
Universal Furniture Franklin Street Sofa,"$2,365.00"
Sunpan Cathedral Sofa,"$2,387.10"
J&M Furniture Alpine Sofa Bed,"$1,874.46"
Pangea Home Logan Sofa,"$1,421.99"
Sunpan Centennial Sofa,"$3,346.00"
Sunpan Eva Sofa,"$1,899.99"
Sunpan Hanover Loveseat - Granite,"$1,383.12"
VIG Furniture Divani Casa Arthur Modern Fabric Sofa and Loveseat Set,"$2,096.99"
Moes Home Collection Nikoly Sofa,"$3,950.00"
VIG Furniture Divani Casa Alcoa Modern Contemporary Tufted Fabric Adjustable Sofa,$995.51
Bernhardt Foster Fabric Loveseat,"$1,871.00"
Universal Furniture Haven Sofa,"$2,500.00"
Moes Home Collection Keaton Leather Sofa,"$3,550.00"
Simmons Upholstery Venture Sofa,"$1,079.00"
Signature Design by Ashley Lockesburg Reclining Loveseat,"$1,316.91"
Primitive Collections Macadamia Leather Sofa,"$3,727.49"
Primitive Collections Cooper Leather Sofa,"$3,158.21"
Sunpan Donnie Sofa,"$1,839.31"
Moes Home Collection Keaton Leather Loveseat,"$1,610.99"
Baxton Studio Banquette Loveseat,$835.04
Moes Home Collection Birmingham Sofa,"$4,525.00"
VIG Furniture Divani Casa Arthur Modern Fabric Sofa,"$1,174.93"
Moes Home Collection Brock Sofa,"$3,450.00"
Signature Design by Ashley Pomellato Power Reclining Loveseat with Console and Adjustable Headrest,"$1,499.99"
Primitive Collections Harmony Sofa,"$1,383.88"
VIG Furniture Divani Casa Arthur Modern Fabric Sofa and Loveseat Set,"$2,096.99"
Bernhardt Germain Fabric Loveseat,"$1,871.00"
American Furniture Classics Alpine Lodge 4 Piece Sofa Set with Sleeper Sofa,"$4,018.03"
Moes Home Collection Calista Sofa,"$1,775.00"
Baxton Studio Aveline Glam / Luxe Velvet Upholstered Sofa,"$1,230.81"
Moes Home Collection Raval Fabric Sofa,"$2,325.00"
Moes Home Collection Jaxon Fabric Sofa,"$1,125.00"
South Cone D'Elegance Linen Sofa,"$1,622.79"
South Cone Benisse Slipcovered Fabric Sofa,"$1,739.99"
Moes Home Collection Langon Sofa,"$1,325.00"
Baxton Studio Loreto Glam / Luxe Upholstered Velvet Sofa,"$1,169.99"
Primitive Collections Cooper Leather Sofa,"$3,158.21"
Sunpan Centennial Sofa,"$3,346.00"
Sunpan Donnie Sofa,"$1,839.31"
Primitive Collections Chestnut Ocean Blue Sofa,"$1,489.87"
Sunpan Hanover Sofa - Granite,"$2,099.99"
Sunpan Keaton Sofa,"$3,198.00"
Moes Home Collection Darlinton Leather Sofa,"$3,625.00"
Bernhardt Candace Fabric Sofa,"$2,287.00"
Bernhardt Addison Fabric Loveseat,"$2,014.00"
Universal Furniture Duncan Upholstered Sofa,"$2,150.00"
Universal Furniture Berkeley Sofa,"$2,635.00"
Sunpan Hanover Loveseat,"$1,614.55"
South Cone Lois Linen Sofa,"$1,658.00"
Signature Design by Ashley Welsford Power Reclining Sofa with Adjustable Headrest,"$1,443.73"
Signature Design by Ashley Turbulance Power Reclining Sofa with Adjustable Headrest,"$1,374.99"
South Cone Marionne Velvet Sofa,"$1,364.25"
South Cone Cache Linen Sofa,"$1,341.87"
South Cone Camile Tufted Linen Sofa,"$1,623.71"
South Cone Gautier Linen Sofa,"$1,204.76"
South Cone Vintage Patrick Chesterfield Linen Sofa,"$1,969.99"
Signature Design by Ashley Segburg Reclining Loveseat,"$1,001.33"
South Cone Carl Velvet Sofa,"$1,160.82"
Pangea Home Chester 3 Seater Sofa,"$2,151.39"
Bonded Leather Loveseat,$364.00
Pangea Home Sloan Fabric Sofa,"$1,167.23"
Signature Design by Ashley Clonmel 2 Seat Reclining Sofa,"$1,244.24"
Best Selling Home Natasha Contemporary Sofa,$652.25
Pangea Home Hilda Fabric Sofa,"$1,032.67"
Best Selling Home Jessica Traditional Sofa,$669.00
Baxton Studio Virginia Mid-Century Modern Walnut Finish Button Tufted Upholstered Sofa,$619.23
Moes Home Collection Peppy Sofa,$895.00
Baxton Studio Adalynn Faux Leather Loveseat,$596.07
Baxton Studio Carter Mid-Century Loveseat,$719.99
Baxton Studio Carina Mid-Century Modern Fabric Upholstered Sofa,$793.80
Safavieh Sarah Settee with Pillows,$616.51
Safavieh Sarah Tufted Settee,$646.12
