artist,song
Stein,Nnnnnnnnnnnnnnnnnnnnnnnnnnnnn
​guardin,Beware (Big Sean Cover)
Chance the Rapper,Bombs Away
Jhené Aiko,B.S.
Lil Wayne,I Do It
Ariana Grande,​right there (live)
Mayaano,Rolla (prod by chopa)
Jhené Aiko,None of Your Concern
Jhené Aiko,None of Your Concern [Single Version]
Big Sean,Big Sean Freestyles on Flex (2019) | Freestyle #131
Kanskaart,I Don’t Fuck With Kahoot
Big Sean,Bezerk
Big Sean,Single Again
Big Sean,Overtime
Kash Doll,Ready Set
Big Sean,Done For Me
DJ Khaled,Jealous
DJ Khaled,Thank You
Beyoncé,Crazy in Love (Homecoming Live)
Big Sean,Dreamville Festival 2019 Freestyle
Big Sean,More Thoughts*
Rich The Kid,Two Cups
Ariana Grande,Right There/You’ll Never Know/Break Your Heart Right Back
Rich Homie Quan,Fuck The World Shit
Icewear Vezzo,Balance
PARTYNEXTDOOR,Squad
Big Sean,Full Circle
Big Sean,Handle Me
Kanye West,Hurricane (80 Degrees) [Full Version]
Lil Wayne,Mute
YG,BIG BANK
Fat Joe & Dre,Momma
Halsey,Alone (Clean Bandit MFF Remix)
Halsey,Alone (CID Remix)
"Mike WiLL Made-It, Big Sean & Rae Sremmurd","Aries (YuGo), Pt. 2"
Halsey,Alone (Remix)
Logic,Wassup
Big Bushgi,Bill$ ft. Big Sean
Migos,White Sand
"Mike WiLL Made-It, Big Sean & Rae Sremmurd",Aries (YuGo) Part 2 (Demo)
GASHI,You Know
Big Sean & Metro Boomin,So Good
Big Sean & Metro Boomin,In Tune
Big Sean & Metro Boomin,"No Hearts, No Love"
Big Sean & Metro Boomin,Go Legend
Big Sean & Metro Boomin,Even the Odds
Big Sean & Metro Boomin,Reason
Big Sean & Metro Boomin,Who’s Stopping Me
Big Sean & Metro Boomin,Big Bidness
Big Sean & Metro Boomin,Savage Time
Fifth Harmony,Feels
Big Sean & Metro Boomin,Pull Up N Wreck
Lord Twinkletoes,Bad Girl
Yamine,Take That
​ryan christopher,​moments
Jhené Aiko,Moments
Jhené Aiko,OLLA (Only Lovers Left Alive)
Gucci Mane,Changed
A$AP Mob,Frat Rules
Philip Pevensie,Don’t Kill My Vibe
Coldplay,Miracles (Someone Special)
DJ Khaled,On Everything
AlcoPollock,Workin’ Remix
Calvin Harris,Feels
Desiigner,Liife (Remix)
Bryson Tiller,Money Problems / Benz Truck
Marian Hill,Down (Remix)
Marian Hill,"Down, Part II"
Mike WiLL Made-It,On the Come Up
La Tigresa Del Norte,Problema
La Tigresa Del Norte,El Mejor Error
La Tigresa Del Norte,Problema (Remix)
TallRussianBoy,NASIK
Michael Bonner,Read It (The Ellen Remix)
Big Sean,Living the Life*
Big Sean,Bigger Than Me
Big Sean,Inspire Me
Big Sean,Voices In My Head / Stick to the Plan
Big Sean,Light
Big Sean,Voices In My Head / Stick to the Plan
Big Sean,Jump Out the Window
Big Sean,Inspire Me
Big Sean,Living the Life*
Big Sean,Light
Big Sean,Bigger Than Me
Jeremih,I Think of You
Big Sean,Big Sean Freestyles on Flex | Freestyle #041
Big Sean,Sunday Morning Jetpack
Big Sean,Halfway Off the Balcony
Big Sean,Moves
Yo Gotti,Castro
Big Sean,Living Single
Jhené Aiko,Maniac
MadeinTYO,Skateboard P (Remix)
Big Sean,No More Interviews
Big Sean,Bounce Back
Big Sean,Bounce Back (Extended Version)
Kevin Hart,Light It Up
PLVTINUM,No Pressure (Justin Bieber Cover)
Dead End Hip Hop,Worst Lyrics: Lil Wayne VS Big Sean
DJ Khaled,Work for It
DJ Khaled,Holy Key
Big Sean,Living Single (Leak)
"Kanye West, Gucci Mane, Big Sean, 2 Chainz, Travis Scott, Yo Gotti, Quavo & Desiigner",Champions
Nick Jonas,Good Girls
Mike Posner,Buried in Detroit (Remix)
Big Sean,Patience
Big Sean,Last For Life
TWENTY88,Memories Faded
TWENTY88,2 Minute Warning
TWENTY88,On the Way
TWENTY88,Selfish
TWENTY88,Déjà Vu
TWENTY88,London Bridge
TWENTY88,Push It
TWENTY88,Talk Show
A$AP Ferg,World Is Mine
Big Sean,Get My Shit Together
Roscoe Dash,Suppose To Do
French Montana,Man of My City
RiFF RAFF,CODEiNE SYRUP
DNCE,TBA*
Big Sean,What A Year
Rudimental,Lay It All On Me (Rudimental VIP Mix)
King Chip,Fat Raps 3
Rowlan,One Man Can Change The World (remix)
G-Eazy,One of Them
Yo Gotti,Long Way
Justin Bieber,No Pressure
Logic,Fade Away
Diddy,Workin’ (Remix)
Tori Kelly,Hollow (Remix)
Jeremih,Royalty
Big Sean,Play No Games
Miley Cyrus,Tangerine
DeJ Loaf,Back Up
Von Tae’,I Don’t Fuck With You (Von Tae’ Remix)
Big Sean,Focus
Jane Zhang 張靚穎,Fighting Shadows
Djé,Idfwu instrumental
Donnie Trumpet & The Social Experiment,Wanna Be Cool
Ariana Grande,Right There (7th Heaven Radio Mix)
Ariana Grande,Problem (Dawin Remix)
Ariana Grande,Problem (Dave Aude Twerk Edit)
Ariana Grande,Problem (Wayne G Radio Edit)
Future,Fuck Up Some Commas (Remix)
DJ Khaled,How Many Times
Earlly Mac,Another Again
J. Cole,2014 Forest Hills Drive Tour Dates
Big Sean,Stay Down
Big Sean,All Your Fault
Big Sean,Paradise (Extended)
Big Sean,Research
Big Sean,Deep (CyHi the Prynce Verse)
Big Sean,Platinum and Wood
Big Sean,Outro (Dark Sky Paradise)
Big Sean,Dark Sky Paradise [Booklet]
Big Sean,Deep
Big Sean,Deserve It
Big Sean,Deep
Big Sean,Deep (CyHi the Prynce Verse)
Big Sean,Paradise (Extended)
Big Sean,Me Myself & I (Freestyle)
Big Sean,One Man Can Change the World
Big Sean,Used To (Verse)
Big Sean,Blessings (Extended Version)
Earlly Mac,Do It Again
Big Sean,Blessings
Meek Mill,B Boy
Calvin Harris,Open Wide
Earlly Mac,Do It Again (Remix)
Rae Sremmurd,YNO
Mike WiLL Made-It,Intro (Ransom)
Claudia Leitte,Matimba (Remix)
A$AP Ferg,Ja Rule
RL Grime,Kingpin
Elijah Blake,Come Away (Remix)
Eminem,Detroit vs. Everybody
Big Sean,Paradise
Adidas,Big Sean x Adidas Originals Metro Attitude Hi
Big Sean,I Don’t Fuck With You
Big Sean,4th Quarter
Big Sean,Jit/Juke
Ty Dolla $ign,NDK
Ariana Grande,Problem (Spanglish Version)
Fashion Genius,Fit of the Day 8/19/14
Ariana Grande,Best Mistake
Mustard,Face Down
Common,Diamonds
Travis Scott,Don’t Play
Ariana Grande,Problem
Logic,Alright
Big Sean,You Don’t Know
Jennifer Lopez,I Luh Ya Papi (Remix)
Big Sean,Sanctified
Rick Ross,Sanctified
Fashion Genius,Fit of the Day 1/19/14
Fashion Genius,Fit of the Day 1/4/2014
TBO21,Intro
Jennifer Lopez,I Luh Ya Papi (DJ Khaled Remix)
Big Sean,Open Bar (Freestyle)
Ariana Grande,Problem (No Rap Version)
Big Sean,1st Quarter Freestyle
Big Sean,10 2 10 (Remix)
Mike WiLL Made-It,10 2 10 (Rare Version)
Justin Bieber,Memphis
Mike Posner,Top of the World
Danlocz   Jameal,I dont care
Tinie Tempah,Shape
DJ Khaled,You Don’t Want These Problems
Pusha T,Who I Am
Miley Cyrus,Love Money Party
Drake,All Me
Dicecapo,Higher freestyle
Naya Rivera,Sorry
Big Sean,All Figured Out
Big Sean,Toyota Music
Big Sean,World Ablaze
Big Sean,All Figured Out
Big Sean,Toyota Music
Big Sean,Sierra Leone
Big Sean,Freaky
Big Sean,MILF
Big Sean,Ashley
Big Sean,Mona Lisa
Big Sean,Hall of Fame [Booklet]
Big Sean,It’s Time
Big Sean,Nothing Is Stopping You
Big Sean,10 2 10
Big Sean,First Chain
Big Sean,Fire
Big Sean,Control
Ariana Grande,Right There
Skylar Grey,Back from the Dead
Big Sean,Beware
D’Banj,Blame It On the Money
The-Dream,Pussy
Jessie J,Wild
Fall Out Boy,The Mighty Fall
Big Sean,Switch Up
Justin Bieber,As Long As You Love Me (Acoustic)
Juicy J,Show Out
Big Sean,Cum Over
Big Sean,She Gon’ Have It
The Game,All That (Lady)
The Word Alive,Mercy
Big Sean,Guap
Big Sean,High (Hot Sugar Remix)
Big Sean,Marvin & Chardonnay (Xaphoon Jones Remix)
Funkmaster Flex,Funkmaster Flex Freestyle
"Kanye West, Big Sean, 2 Chainz & Marsha Ambrosius",The One
"Kanye West, Chief Keef, Pusha T, Big Sean & Jadakiss",Don’t Like.1
Big Sean,Mula
Meek Mill,Burn
Big Sean,Sellin Dreams
"Kanye West, JAY-Z & Big Sean",Clique
Big Sean,Story by Snoop Lion
Big Sean,I’m Gonna Be
Big Sean,Experimental
Big Sean,Story by Common
Big Sean,All I Know
Big Sean,Story by Snoop Lion
Big Sean,How It Feel
Big Sean,RWT
Big Sean,24k of Gold
Big Sean,Higher
Big Sean,Woke Up
Big Sean,FFOE
Big Sean,100
Big Sean,Story by Young Jeezy
Big Sean,"Once Bitten, Twice Shy"
DJ Khaled,I’m So Blessed
Hit-Boy,Option
CyHi The Prynce,100 Bottles
Ali Brustofski,As Long As You Love Me
Justin Bieber,As Long as You Love Me
King Chip,Fat Raps
Lil Wayne,My Homies Still
Starshell,Superluva (G.O.O.D. Music Remix)
Gucci Mane,Brought Out Them Racks
Meek Mill,Take U Home
Kevin McCall,Naked
Chris Brown,Till I Die
Kanye West,Mercy
Tinie Tempah,Lucky Cunt
Tyga,I’m Gone
Chaos,100
Aleesia,Kiss It Bye Bye
Yo Gotti,Go Girl
Khalil,Goodie Goodie
Big Sean,I Keep It G
Roscoe Dash,Sidity
John West,Already There
Wale,Slight Work
2 Chainz,K.O.
DJ Drama,Oh My (Remix)
Soulja Boy Tell ’Em,Love Money
The-Dream,Ghetto
Kelly Rowland,Lay It on Me
Chris Brown,Last
Wiz Khalifa,Dot Dot Dot
Wiz Khalifa,Proceed
Wiz Khalifa,Weed Brownies
Wiz Khalifa,Flowers
DJ Khaled,Future
Wiz Khalifa,OTTR
Cris Cab,Good Girls (Don’t Grow on Trees)
Big Sean,Marvin & Chardonnay
Big Sean,So Much More
Big Sean,Wait for Me
Big Sean,Dance (A$$)
Big Sean,Don’t Tell Me You Love Me
Big Sean,Live This Life
Big Sean,Get It (DT)
Big Sean,Memories (Part II)
Big Sean,Celebrity
Big Sean,100 Keys
Big Sean,My House
Big Sean,I Do It
Big Sean,What Goes Around
Big Sean,Finally Famous [Booklet]
Big Sean,Dance (A$$) (Remix)
Big Sean,Intro
Big Sean,Finally Famous [Credits]
Big Sean,High
CyHi The Prynce,Woopty Doo
Big Sean,Mr. Incredible
Big Sean,Home
Big Sean,Love Story
Kirko Bangz,What Yo Name Iz? (Remix)
New Boyz,I Don’t Care
New Boyz,I Don’t Care (Album version)
YG,In Tha Morning
Big Sean,4 My People
Chris Brown,"Paper, Scissors, Rock"
Kanye West,All of the Lights (Remix)
Big Sean,My Last
Wiz Khalifa,Phone Numbers
Wiz Khalifa,GangBang
YC,Racks (Remix)
Kanye West,Christmas in Harlem (G.O.O.D. Fridays Version)
Chris Brown,Glitter
Chris Brown,Shit God Damn
Chris Brown,What U Doin
Kanye West,Looking for Trouble
Kanye West,Don’t Look Down
Kanye West,GOOD Music BET Cypher
Kanye West,GOOD Friday
Big Sean,Supa Dupa Lemonade
Big Sean,5 Bucks (5 On It)
Big Sean,Made
Big Sean,Big Nut Bust
Big Sean,My Closet
Big Sean,Memories
Big Sean,Love Song
Big Sean,Final Hour
Big Sean,Meant to Be
Big Sean,High Rise
Big Sean,Money and Sex
Big Sean,Crazy
Big Sean,Hometown
Big Sean,Fat Raps (Remix)
Big Sean,Almost Wrote You A Love Song
Big Sean,Too Fake
Big Sean,Fuck My Opponent
Big Sean,What U Doin? (Bullshitting)
Big Sean,Supa Dupa
Kanye West,See Me Now
French Montana,I’m On It
Nipsey Hussle,Got What You Need
Big Sean,Bullshittin
Consequence,Whatever U Want (Remix)
Big Sean,XXL Freshman Freestyle: Big Sean
Big Sean,Rollin’
Mike Posner,Ambiguous
Mike Posner,Cooler Than Me
Big Sean,Whatever You Want
Mike Posner,Bring Me Down
Mike Posner,Speed of Sound
Royce Da 5'9'’,My Own Planet (Remix)
Mario,Before She Said Hi
Peter Bjorn and John,Just the Past (Remix)
Big Sean,Tomorrow
Wale,Wonder Why
XV,Life Vs Livin’
Big Sean,Glenwood
Mike Posner,Who Knows?
Big Sean,Intro (UKNOWBIGSEAN)
Big Sean,DJ Shouts Out Skit
Big Sean,Outti
Big Sean,Outro (Skit)
Big Sean,Mc Serch
Big Sean,UKNOWBIGSEAN
Big Sean,Iraq
Big Sean,Paper Chaser
Big Sean,Take Me Away (Snippet)
Big Sean,Starstruck
Big Sean,Billionaire
Big Sean,Hollywood
Big Sean,Skit
Big Sean,Finally Famous Skit
Big Sean,Pharrell
Big Sean,UNKNOWNBIGSEAN Skit
Big Sean,Say You Will
Mike Posner,Smoke & Drive
Mike Posner & the Brain Trust,Cooler Than Me
Teriyaki Boyz,TERIYA-KING
Big Sean,Desire Want and Need
Big Sean,My Mind Is Playing Tricks On Me
88-Keys,21 & Over
Big Sean,Wont Be Long
Big Sean,Intro (Finally Famous)
Big Sean,Dreams
Big Sean,Studio Love
Big Sean,Mr. T
Big Sean,Money Being Made
Big Sean,Story to Tell
Big Sean,Get ’Em
Big Sean,I Get Money (Freestyle)
Big Sean,Good Sh
Big Sean,Never Forget
Big Sean,Call Me
Big Sean,Kickin It With Cool C
Big Sean,Streetz on Lock
Big Sean,Rolling in the Doe
Big Sean,Smoke And Drive
Big Sean,People Mover
Big Sean,All Night
Big Sean,23
Big Sean,Million Dollars
Big Sean,All My Life
Big Sean,You
Kanye West,Champion
Big Sean,Getcha Some
Big Sean,24k Of Gold (Remix)
FOTP,Bright Sky
Big Sean,We Know
Big Sean,Come Up Show Freestyle
New Boyz,I Don’t Care What They Say
Maroon 5,Maps (Remix)
Complex,Big Sean Interview
Big Sean,Come Up Show Freestyle Pt. 2
Big Sean,Cosmic Kev Freestyle 10/10/14
Mojo,IDFWY REMIX
Jeremih,Got Me
Big Sean,Okay
Travis Porter,Dem Girls
Big Sean,Forever Reppin
Tee Grizzley,Trenches
Lil Wayne,Used To (Remix)
Ro Spit,#1
KeY Wane,Get It In (Remix)
Big Sean,Joyride
Big Sean,Smoke N Drive
The Weeknd,All I Know (Remix)
Big Sean,Emotional (Version 1)
Big Sean,Take Me Away
Big Sean,Supa Dupa Lemonade Freestyle
Big Sean,Poster
Big Sean,What U Doin ‘Bull$#!@ing’
Sam Lee,Beware
Big Sean,The Ways
Young Thug,Baguettes
Shitvibez,Blessed
Big Sean,Done For Me Lately
Big Sean,Burn
Big Sean,Ultralight Beam (Demo)
Big Sean,Know About Me
Sayitainttone & Earlly Mac,On Deck
Big Sean,Keep It Gee
Big Sean,Way Out
Big Sean,Don’t Wait For Me
Big Sean,Blog
Big Sean,Ambiguous
DJ Khaled,Holy Key (Demo)
Big Sean,What I Do
Lana718,Welcome to Detroit
Big Sean,Emotional (Version 2)
Big Sean,Emotional (Version 3)
Big Sean,All the Time
Travis Scott,Don’t Play (Demo)
Big Sean,Wolves
Big Sean,Untitled Diddy & Meek Mill Collaboration*
Big Sean,Untitled A$AP Rocky & MadeinTYO Collaboration*
Big Sean,Lucky Me
Big Sean,K.o
Kanye West,Hurricane (Big Sean Version)
Big Sean,Time to Eat*
Big Sean,Dance (A$$) - Album Version (Edited)
Big Sean,Dance (A$$) - Explicit Remix
Lil Wayne,Phoenix
Big Sean,Dance (A$$) Remix - Edited Version
Big Sean,Kobe Bryant Tribute*
Big Sean,21
Chaos,Deserve It
Big Sean,Memories (Part II) - Album Version (Edited)
Big Sean,Fly High
Big Sean,Shorter*
Nasty C,Nobody
Big Sean,Terrordome*
Big Sean,Ain’t Nobody*
Big Sean,Time In
Big Sean,2TFO
Big Sean,Deep Reverence
Big Sean,Break Hearts*
Big Sean,Street Legend*
Kid Ink,Make That Shit Work
MNEEMO,Lil Bit
2AM Club,Mary
E-40,In This Thang Breh (Remix)
DJ Mo Beatz,D-Boy
Big Sean,Abstain
E-fresh Prynce,New South
Dusty McFly,Im Out Here Remix
Tyga,I’m Gone (BiG O remix)
Big Sean,Hundred Dollar Bill Skyscraper
Big Sean,Tim Westwood Freestyle
Ray Jr.,Sloppy (Remix)
Big Sean,Life Should Go On
Hyper payne,I don’t care remix
Big Sean,Only Two Can Win (J Dilla Freestyle)
Tyrese,Fireworkz (Remix)
Sayitaintone,35k
Big Sean,Paranoid Remix
Lil’ Kweezy,I Blew It (Big Sean Parody)
Kanye West,Freestyle 4 (Remix)
Big Sean,Not Good Enough
Jeremih,Ol’ Skool Pontiac
Malik Yusef,V.E.R.S.E (Very Entertaining Recitals Spit Effortlessly)
Big Sean,Get It In
Miguel,Quickie Remix
Soulja Boy Tell ’Em,I Love Money
Big Sean,Quickie (Remix)
Young Fame,No More Interviews Remix
Travis Porter,She Won’t Let Me Go
Big Sean,Funkmaster Flex Freestyle 8/13/13
Wale,First Class
Juicy J,Bounce It (feat. Big Sean and Trey Songz Remix)
Big Sean,Thank You
Big Sean,I Don’t Think They Want It
Big Sean,Five Bucks
Fly Union,Poe’d Up
